YEAR_SALEHD,MONTH_SALEHD,CURRENCY_SALEHD,YEAR_SALEIT,MONTH_SALEIT,PARTNERID_CLIENT_SO,CURRENCY_SALEITEM,PRODUCTID,PRODCATEGORYID,product_sale_per_month,sale_per_month
2018,1,USD,2018,3,100000022,USD,MB-1034,MB,28,15037947
2018,1,USD,2018,3,100000022,USD,CB-1161,CB,37,15037947
2018,1,USD,2018,2,100000026,USD,HB-1175,HB,4,15037947
2018,1,USD,2018,2,100000026,USD,RC-1056,RC,20,15037947
2018,1,USD,2018,2,100000026,USD,CC-1021,CC,17,15037947
2018,1,USD,2018,2,100000026,USD,CB-1161,CB,16,15037947
2018,1,USD,2018,3,100000018,USD,HB-1175,HB,18,15037947
2018,1,USD,2018,3,100000018,USD,RC-1055,RC,22,15037947
2018,1,USD,2018,3,100000018,USD,DB-1081,DB,60,15037947
2018,1,USD,2018,3,100000018,USD,EB-1133,EB,24,15037947
2018,1,USD,2018,3,100000018,USD,BX-1015,BX,31,15037947
2018,1,USD,2018,3,100000018,USD,CC-1021,CC,22,15037947
2018,1,USD,2018,2,100000009,USD,RC-1056,RC,20,15037947
2018,1,USD,2018,2,100000009,USD,BX-1013,BX,14,15037947
2018,1,USD,2018,2,100000009,USD,CB-1161,CB,16,15037947
2018,1,USD,2018,2,100000009,USD,EB-1131,EB,18,15037947
2018,1,USD,2018,2,100000009,USD,MB-1034,MB,12,15037947
2018,1,USD,2018,2,100000009,USD,DB-1082,DB,24,15037947
2018,1,USD,2018,2,100000009,USD,EB-1134,EB,31,15037947
2018,1,USD,2018,3,100000025,USD,BX-1014,BX,24,15037947
2018,1,USD,2018,3,100000025,USD,EB-1134,EB,21,15037947
2018,1,USD,2018,3,100000025,USD,CB-1163,CB,46,15037947
2018,1,USD,2018,3,100000025,USD,BX-1013,BX,88,15037947
2018,1,USD,2018,3,100000025,USD,MB-1034,MB,28,15037947
2018,1,USD,2018,3,100000025,USD,MB-1031,MB,24,15037947
2018,1,USD,2018,3,100000025,USD,RC-1051,RC,30,15037947
2018,1,USD,2018,3,100000025,USD,HB-1174,HB,27,15037947
2018,1,USD,2018,3,100000008,USD,RC-1054,RC,47,15037947
2018,1,USD,2018,3,100000008,USD,CC-1021,CC,22,15037947
2018,1,USD,2018,3,100000008,USD,RC-1052,RC,41,15037947
2018,1,USD,2018,3,100000008,USD,BX-1011,BX,18,15037947
2018,1,USD,2018,3,100000008,USD,HB-1175,HB,18,15037947
2018,1,USD,2018,3,100000008,USD,RO-1002,RO,41,15037947
2018,1,USD,2018,3,100000038,USD,EB-1137,EB,26,15037947
2018,1,USD,2018,3,100000038,USD,CB-1163,CB,46,15037947
2018,1,USD,2018,3,100000038,USD,EB-1134,EB,21,15037947
2018,1,USD,2018,3,100000038,USD,HB-1176,HB,22,15037947
2018,1,USD,2018,3,100000038,USD,RC-1052,RC,41,15037947
2018,1,USD,2018,3,100000038,USD,EB-1135,EB,52,15037947
2018,1,USD,2018,3,100000038,USD,RC-1054,RC,47,15037947
2018,1,USD,2018,3,100000020,USD,HB-1171,HB,24,15037947
2018,1,USD,2018,2,100000028,USD,EB-1137,EB,24,15037947
2018,1,USD,2018,2,100000028,USD,CC-1022,CC,15,15037947
2018,1,USD,2018,2,100000028,USD,CC-1023,CC,28,15037947
2018,1,USD,2018,2,100000028,USD,RC-1052,RC,15,15037947
2018,1,USD,2018,3,100000021,USD,BX-1014,BX,24,15037947
2018,1,USD,2018,3,100000021,USD,EB-1131,EB,31,15037947
2018,1,USD,2018,3,100000021,USD,EB-1135,EB,52,15037947
2018,1,USD,2018,3,100000021,USD,CC-1021,CC,22,15037947
2018,1,USD,2018,3,100000021,USD,BX-1013,BX,88,15037947
2018,1,USD,2018,3,100000021,USD,DB-1081,DB,60,15037947
2018,1,USD,2018,3,100000021,USD,CB-1161,CB,37,15037947
2018,1,USD,2018,3,100000021,USD,HB-1171,HB,24,15037947
2018,1,USD,2018,3,100000021,USD,HB-1175,HB,18,15037947
2018,1,USD,2018,3,100000004,USD,RO-1002,RO,41,15037947
2018,1,USD,2018,3,100000004,USD,CC-1021,CC,22,15037947
2018,1,USD,2018,3,100000020,USD,MB-1032,MB,8,15037947
2018,1,USD,2018,3,100000020,USD,RO-1001,RO,31,15037947
2018,1,USD,2018,3,100000020,USD,MB-1031,MB,24,15037947
2018,1,USD,2018,3,100000020,USD,BX-1016,BX,20,15037947
2018,1,USD,2018,3,100000020,USD,EB-1132,EB,23,15037947
2018,1,USD,2018,3,100000020,USD,EB-1135,EB,52,15037947
2018,1,USD,2018,3,100000020,USD,RC-1054,RC,47,15037947
2018,1,USD,2018,3,100000022,USD,HB-1176,HB,22,15037947
2018,1,USD,2018,3,100000022,USD,BX-1013,BX,88,15037947
2018,2,USD,2018,3,100000031,USD,RO-1001,RO,31,18514398
2018,2,USD,2018,3,100000031,USD,BX-1015,BX,31,18514398
2018,2,USD,2018,3,100000031,USD,RC-1055,RC,22,18514398
2018,2,USD,2018,3,100000031,USD,CC-1023,CC,57,18514398
2018,2,USD,2018,3,100000031,USD,EB-1133,EB,24,18514398
2018,2,USD,2018,3,100000031,USD,CC-1022,CC,43,18514398
2018,2,USD,2018,3,100000031,USD,RC-1051,RC,30,18514398
2018,2,USD,2018,3,100000033,USD,CB-1161,CB,37,18514398
2018,2,USD,2018,3,100000033,USD,DB-1082,DB,22,18514398
2018,2,USD,2018,3,100000033,USD,DB-1081,DB,60,18514398
2018,2,USD,2018,3,100000033,USD,BX-1011,BX,18,18514398
2018,2,USD,2018,3,100000033,USD,CC-1022,CC,43,18514398
2018,2,USD,2018,3,100000033,USD,CB-1162,CB,52,18514398
2018,2,USD,2018,4,100000032,USD,DB-1083,DB,46,18514398
2018,2,USD,2018,4,100000032,USD,CB-1162,CB,24,18514398
2018,2,USD,2018,4,100000032,USD,MB-1033,MB,49,18514398
2018,2,USD,2018,3,100000025,USD,RC-1052,RC,41,18514398
2018,2,USD,2018,3,100000025,USD,BX-1012,BX,17,18514398
2018,2,USD,2018,3,100000025,USD,EB-1133,EB,24,18514398
2018,2,USD,2018,3,100000025,USD,EB-1132,EB,23,18514398
2018,2,USD,2018,3,100000030,USD,RC-1057,RC,19,18514398
2018,2,USD,2018,3,100000030,USD,DB-1083,DB,27,18514398
2018,2,USD,2018,3,100000030,USD,RC-1053,RC,29,18514398
2018,2,USD,2018,3,100000030,USD,DB-1081,DB,60,18514398
2018,2,USD,2018,3,100000030,USD,BX-1011,BX,18,18514398
2018,2,USD,2018,3,100000030,USD,EB-1132,EB,23,18514398
2018,2,USD,2018,3,100000030,USD,RO-1001,RO,31,18514398
2018,2,USD,2018,3,100000030,USD,RC-1054,RC,47,18514398
2018,2,USD,2018,3,100000034,USD,BX-1016,BX,20,18514398
2018,2,USD,2018,4,100000034,USD,DB-1082,DB,11,18514398
2018,2,USD,2018,4,100000034,USD,RO-1001,RO,18,18514398
2018,2,USD,2018,4,100000034,USD,DB-1083,DB,46,18514398
2018,2,USD,2018,4,100000034,USD,CB-1162,CB,24,18514398
2018,2,USD,2018,3,100000001,USD,CC-1023,CC,57,18514398
2018,2,USD,2018,3,100000001,USD,EB-1136,EB,33,18514398
2018,2,USD,2018,3,100000001,USD,MB-1033,MB,42,18514398
2018,2,USD,2018,4,100000001,USD,HB-1174,HB,13,18514398
2018,2,USD,2018,3,100000011,USD,EB-1132,EB,23,18514398
2018,2,USD,2018,3,100000011,USD,DB-1082,DB,22,18514398
2018,2,USD,2018,3,100000012,USD,CB-1163,CB,46,18514398
2018,2,USD,2018,3,100000012,USD,HB-1176,HB,22,18514398
2018,2,USD,2018,3,100000012,USD,RC-1053,RC,29,18514398
2018,2,USD,2018,3,100000012,USD,DB-1083,DB,27,18514398
2018,2,USD,2018,3,100000012,USD,EB-1132,EB,23,18514398
2018,2,USD,2018,3,100000012,USD,RC-1051,RC,30,18514398
2018,2,USD,2018,4,100000015,USD,HB-1172,HB,21,18514398
2018,2,USD,2018,4,100000015,USD,CC-1023,CC,61,18514398
2018,2,USD,2018,4,100000015,USD,BX-1013,BX,69,18514398
2018,2,USD,2018,4,100000015,USD,CC-1021,CC,7,18514398
2018,2,USD,2018,4,100000015,USD,RC-1056,RC,74,18514398
2018,2,USD,2018,4,100000015,USD,EB-1135,EB,14,18514398
2018,2,USD,2018,4,100000015,USD,CC-1022,CC,24,18514398
2018,2,USD,2018,4,100000015,USD,MB-1034,MB,49,18514398
2018,2,USD,2018,3,100000010,USD,RC-1056,RC,34,18514398
2018,2,USD,2018,3,100000010,USD,HB-1173,HB,29,18514398
2018,2,USD,2018,3,100000010,USD,RO-1003,RO,31,18514398
2018,2,USD,2018,3,100000010,USD,BX-1013,BX,88,18514398
2018,2,USD,2018,3,100000010,USD,MB-1034,MB,28,18514398
2018,2,USD,2018,4,100000012,USD,DB-1081,DB,35,18514398
2018,2,USD,2018,4,100000012,USD,DB-1083,DB,46,18514398
2018,2,USD,2018,4,100000012,USD,BX-1013,BX,69,18514398
2018,2,USD,2018,4,100000012,USD,HB-1175,HB,26,18514398
2018,2,USD,2018,4,100000012,USD,BX-1011,BX,24,18514398
2018,2,USD,2018,4,100000012,USD,RC-1056,RC,74,18514398
2018,2,USD,2018,4,100000012,USD,EB-1136,EB,48,18514398
2018,2,USD,2018,4,100000012,USD,CC-1023,CC,61,18514398
2018,2,USD,2018,4,100000012,USD,CB-1161,CB,45,18514398
2018,2,USD,2018,4,100000016,USD,HB-1171,HB,26,18514398
2018,2,USD,2018,4,100000016,USD,RC-1052,RC,43,18514398
2018,2,USD,2018,4,100000016,USD,RC-1055,RC,56,18514398
2018,2,USD,2018,4,100000016,USD,CB-1163,CB,65,18514398
2018,2,USD,2018,4,100000016,USD,BX-1014,BX,18,18514398
2018,2,USD,2018,4,100000016,USD,CB-1161,CB,45,18514398
2018,2,USD,2018,4,100000016,USD,EB-1133,EB,17,18514398
2018,2,USD,2018,4,100000016,USD,EB-1132,EB,45,18514398
2018,2,USD,2018,3,100000019,USD,EB-1136,EB,33,18514398
2018,2,USD,2018,3,100000019,USD,MB-1033,MB,42,18514398
2018,2,USD,2018,3,100000019,USD,CC-1023,CC,57,18514398
2018,2,USD,2018,3,100000019,USD,RO-1003,RO,31,18514398
2018,2,USD,2018,4,100000020,USD,HB-1172,HB,21,18514398
2018,2,USD,2018,4,100000020,USD,BX-1014,BX,18,18514398
2018,2,USD,2018,4,100000020,USD,RC-1054,RC,41,18514398
2018,2,USD,2018,4,100000020,USD,BX-1013,BX,69,18514398
2018,2,USD,2018,4,100000020,USD,EB-1132,EB,45,18514398
2018,2,USD,2018,4,100000020,USD,EB-1133,EB,17,18514398
2018,2,USD,2018,4,100000020,USD,RO-1001,RO,18,18514398
2018,2,USD,2018,4,100000020,USD,CC-1022,CC,24,18514398
2018,2,USD,2018,3,100000028,USD,HB-1173,HB,29,18514398
2018,2,USD,2018,3,100000028,USD,EB-1134,EB,21,18514398
2018,2,USD,2018,3,100000028,USD,BX-1013,BX,88,18514398
2018,2,USD,2018,3,100000028,USD,RO-1003,RO,31,18514398
2018,2,USD,2018,3,100000028,USD,HB-1174,HB,27,18514398
2018,2,USD,2018,3,100000028,USD,DB-1082,DB,22,18514398
2018,2,USD,2018,3,100000028,USD,EB-1133,EB,24,18514398
2018,2,USD,2018,4,100000011,USD,CC-1021,CC,7,18514398
2018,2,USD,2018,4,100000011,USD,CB-1163,CB,65,18514398
2018,2,USD,2018,4,100000011,USD,RC-1053,RC,44,18514398
2018,2,USD,2018,4,100000011,USD,BX-1012,BX,40,18514398
2018,2,USD,2018,4,100000011,USD,RO-1003,RO,30,18514398
2018,2,USD,2018,4,100000011,USD,DB-1083,DB,46,18514398
2018,2,USD,2018,4,100000011,USD,HB-1171,HB,26,18514398
2018,2,USD,2018,4,100000030,USD,HB-1174,HB,13,18514398
2018,2,USD,2018,4,100000030,USD,RO-1002,RO,28,18514398
2018,2,USD,2018,4,100000030,USD,EB-1134,EB,46,18514398
2018,2,USD,2018,4,100000030,USD,CB-1163,CB,65,18514398
2018,2,USD,2018,4,100000030,USD,RC-1056,RC,74,18514398
2018,2,USD,2018,4,100000030,USD,BX-1012,BX,40,18514398
2018,2,USD,2018,4,100000030,USD,EB-1132,EB,45,18514398
2018,2,USD,2018,4,100000023,USD,MB-1033,MB,49,18514398
2018,2,USD,2018,4,100000023,USD,EB-1131,EB,8,18514398
2018,2,USD,2018,4,100000023,USD,HB-1176,HB,40,18514398
2018,2,USD,2018,4,100000023,USD,RC-1052,RC,43,18514398
2018,2,USD,2018,5,100000021,USD,BX-1015,BX,57,18514398
2018,2,USD,2018,5,100000021,USD,DB-1082,DB,17,18514398
2018,2,USD,2018,5,100000021,USD,RC-1052,RC,31,18514398
2018,2,USD,2018,5,100000021,USD,HB-1175,HB,23,18514398
2018,2,USD,2018,5,100000021,USD,CC-1022,CC,28,18514398
2018,3,USD,2018,4,100000004,USD,EB-1137,EB,43,12386953
2018,3,USD,2018,4,100000004,USD,EB-1132,EB,45,12386953
2018,3,USD,2018,4,100000004,USD,EB-1134,EB,46,12386953
2018,3,USD,2018,4,100000004,USD,RC-1056,RC,74,12386953
2018,3,USD,2018,4,100000010,USD,HB-1172,HB,21,12386953
2018,3,USD,2018,4,100000010,USD,EB-1137,EB,43,12386953
2018,3,USD,2018,4,100000010,USD,CB-1163,CB,65,12386953
2018,3,USD,2018,4,100000010,USD,RC-1057,RC,34,12386953
2018,3,USD,2018,4,100000010,USD,CB-1162,CB,24,12386953
2018,3,USD,2018,4,100000010,USD,EB-1136,EB,48,12386953
2018,3,USD,2018,4,100000010,USD,HB-1171,HB,26,12386953
2018,3,USD,2018,4,100000010,USD,BX-1016,BX,13,12386953
2018,3,USD,2018,5,100000038,USD,BX-1015,BX,57,12386953
2018,3,USD,2018,5,100000038,USD,DB-1081,DB,30,12386953
2018,3,USD,2018,5,100000038,USD,BX-1016,BX,42,12386953
2018,3,USD,2018,5,100000001,USD,EB-1132,EB,20,12386953
2018,3,USD,2018,5,100000001,USD,EB-1136,EB,27,12386953
2018,3,USD,2018,5,100000001,USD,BX-1013,BX,30,12386953
2018,3,USD,2018,4,100000007,USD,RC-1054,RC,41,12386953
2018,3,USD,2018,4,100000007,USD,EB-1133,EB,17,12386953
2018,3,USD,2018,5,100000005,USD,EB-1135,EB,52,12386953
2018,3,USD,2018,5,100000005,USD,CB-1163,CB,57,12386953
2018,3,USD,2018,5,100000005,USD,EB-1134,EB,44,12386953
2018,3,USD,2018,5,100000005,USD,CB-1161,CB,56,12386953
2018,3,USD,2018,5,100000009,USD,BX-1014,BX,24,12386953
2018,3,USD,2018,5,100000009,USD,BX-1016,BX,42,12386953
2018,3,USD,2018,5,100000009,USD,CB-1161,CB,56,12386953
2018,3,USD,2018,5,100000009,USD,DB-1082,DB,17,12386953
2018,3,USD,2018,5,100000009,USD,BX-1015,BX,57,12386953
2018,3,USD,2018,5,100000009,USD,EB-1136,EB,27,12386953
2018,3,USD,2018,5,100000009,USD,HB-1174,HB,19,12386953
2018,3,USD,2018,5,100000009,USD,RO-1003,RO,30,12386953
2018,3,USD,2018,4,100000025,USD,BX-1013,BX,69,12386953
2018,3,USD,2018,4,100000025,USD,DB-1081,DB,35,12386953
2018,3,USD,2018,4,100000025,USD,EB-1132,EB,45,12386953
2018,3,USD,2018,4,100000025,USD,CB-1161,CB,45,12386953
2018,3,USD,2018,4,100000025,USD,HB-1173,HB,38,12386953
2018,3,USD,2018,4,100000039,USD,EB-1135,EB,14,12386953
2018,3,USD,2018,4,100000039,USD,HB-1176,HB,40,12386953
2018,3,USD,2018,4,100000039,USD,EB-1131,EB,8,12386953
2018,3,USD,2018,4,100000039,USD,CB-1161,CB,45,12386953
2018,3,USD,2018,4,100000039,USD,RO-1002,RO,28,12386953
2018,3,USD,2018,4,100000021,USD,BX-1016,BX,13,12386953
2018,3,USD,2018,4,100000021,USD,BX-1011,BX,24,12386953
2018,3,USD,2018,4,100000021,USD,BX-1013,BX,69,12386953
2018,3,USD,2018,5,100000014,USD,EB-1135,EB,52,12386953
2018,3,USD,2018,5,100000024,USD,BX-1014,BX,24,12386953
2018,3,USD,2018,5,100000024,USD,CB-1163,CB,57,12386953
2018,3,USD,2018,5,100000024,USD,RC-1054,RC,24,12386953
2018,3,USD,2018,5,100000024,USD,BX-1012,BX,24,12386953
2018,3,USD,2018,5,100000024,USD,EB-1135,EB,52,12386953
2018,3,USD,2018,5,100000024,USD,RC-1055,RC,180,12386953
2018,3,USD,2018,5,100000024,USD,HB-1174,HB,19,12386953
2018,3,USD,2018,5,100000024,USD,CB-1161,CB,56,12386953
2018,3,USD,2018,5,100000024,USD,BX-1013,BX,30,12386953
2018,3,USD,2018,5,100000038,USD,CC-1021,CC,33,12386953
2018,3,USD,2018,5,100000014,USD,DB-1081,DB,30,12386953
2018,3,USD,2018,5,100000014,USD,RO-1003,RO,30,12386953
2018,3,USD,2018,5,100000014,USD,CB-1163,CB,57,12386953
2018,3,USD,2018,5,100000014,USD,RC-1055,RC,180,12386953
2018,3,USD,2018,5,100000014,USD,DB-1083,DB,74,12386953
2018,3,USD,2018,5,100000014,USD,BX-1011,BX,30,12386953
2018,3,USD,2018,5,100000014,USD,MB-1032,MB,19,12386953
2018,3,USD,2018,5,100000014,USD,CC-1021,CC,33,12386953
2018,3,USD,2018,5,100000009,USD,BX-1011,BX,30,12386953
2018,3,USD,2018,5,100000009,USD,HB-1172,HB,24,12386953
2018,3,USD,2018,5,100000009,USD,DB-1081,DB,30,12386953
2018,3,USD,2018,5,100000009,USD,RC-1057,RC,36,12386953
2018,3,USD,2018,5,100000020,USD,DB-1083,DB,74,12386953
2018,3,USD,2018,5,100000020,USD,CB-1161,CB,56,12386953
2018,3,USD,2018,5,100000020,USD,EB-1134,EB,44,12386953
2018,3,USD,2018,5,100000020,USD,EB-1136,EB,27,12386953
2018,3,USD,2018,5,100000021,USD,BX-1011,BX,30,12386953
2018,3,USD,2018,5,100000021,USD,DB-1083,DB,74,12386953
2018,3,USD,2018,5,100000021,USD,RC-1055,RC,180,12386953
2018,3,USD,2018,5,100000022,USD,HB-1173,HB,41,12386953
2018,3,USD,2018,5,100000022,USD,RC-1051,RC,13,12386953
2018,3,USD,2018,5,100000039,USD,CB-1161,CB,56,12386953
2018,3,USD,2018,5,100000039,USD,MB-1032,MB,19,12386953
2018,3,USD,2018,5,100000039,USD,RC-1055,RC,180,12386953
2018,3,USD,2018,6,100000030,USD,CC-1021,CC,9,12386953
2018,3,USD,2018,6,100000030,USD,DB-1081,DB,27,12386953
2018,3,USD,2018,6,100000030,USD,RC-1052,RC,27,12386953
2018,3,USD,2018,6,100000030,USD,HB-1172,HB,34,12386953
2018,3,USD,2018,6,100000030,USD,CC-1022,CC,34,12386953
2018,4,USD,2018,5,100000014,USD,BX-1011,BX,30,17794482
2018,4,USD,2018,5,100000014,USD,RC-1052,RC,31,17794482
2018,4,USD,2018,5,100000014,USD,RC-1051,RC,13,17794482
2018,4,USD,2018,5,100000014,USD,RC-1053,RC,17,17794482
2018,4,USD,2018,5,100000014,USD,RO-1003,RO,30,17794482
2018,4,USD,2018,6,100000033,USD,EB-1135,EB,22,17794482
2018,4,USD,2018,6,100000033,USD,EB-1134,EB,38,17794482
2018,4,USD,2018,6,100000033,USD,CB-1161,CB,10,17794482
2018,4,USD,2018,6,100000033,USD,CB-1163,CB,45,17794482
2018,4,USD,2018,6,100000033,USD,RO-1002,RO,26,17794482
2018,4,USD,2018,5,100000034,USD,RO-1002,RO,24,17794482
2018,4,USD,2018,5,100000034,USD,HB-1171,HB,9,17794482
2018,4,USD,2018,5,100000034,USD,HB-1175,HB,23,17794482
2018,4,USD,2018,5,100000034,USD,CB-1163,CB,57,17794482
2018,4,USD,2018,5,100000034,USD,HB-1174,HB,19,17794482
2018,4,USD,2018,5,100000034,USD,EB-1131,EB,39,17794482
2018,4,USD,2018,5,100000034,USD,HB-1176,HB,12,17794482
2018,4,USD,2018,5,100000034,USD,CC-1021,CC,33,17794482
2018,4,USD,2018,5,100000000,USD,MB-1033,MB,35,17794482
2018,4,USD,2018,5,100000000,USD,CB-1163,CB,57,17794482
2018,4,USD,2018,5,100000000,USD,EB-1133,EB,43,17794482
2018,4,USD,2018,5,100000000,USD,HB-1176,HB,12,17794482
2018,4,USD,2018,5,100000000,USD,RC-1055,RC,180,17794482
2018,4,USD,2018,6,100000009,USD,RO-1001,RO,6,17794482
2018,4,USD,2018,6,100000009,USD,RC-1052,RC,27,17794482
2018,4,USD,2018,6,100000009,USD,MB-1031,MB,51,17794482
2018,4,USD,2018,6,100000009,USD,HB-1174,HB,41,17794482
2018,4,USD,2018,6,100000009,USD,BX-1011,BX,36,17794482
2018,4,USD,2018,6,100000009,USD,EB-1136,EB,46,17794482
2018,4,USD,2018,5,100000015,USD,EB-1134,EB,44,17794482
2018,4,USD,2018,5,100000015,USD,EB-1131,EB,39,17794482
2018,4,USD,2018,5,100000015,USD,RC-1055,RC,180,17794482
2018,4,USD,2018,5,100000015,USD,CB-1163,CB,57,17794482
2018,4,USD,2018,5,100000015,USD,MB-1031,MB,16,17794482
2018,4,USD,2018,5,100000015,USD,BX-1013,BX,30,17794482
2018,4,USD,2018,5,100000015,USD,MB-1032,MB,19,17794482
2018,4,USD,2018,5,100000015,USD,MB-1033,MB,35,17794482
2018,4,USD,2018,5,100000008,USD,EB-1134,EB,44,17794482
2018,4,USD,2018,5,100000008,USD,BX-1015,BX,57,17794482
2018,4,USD,2018,5,100000008,USD,CC-1023,CC,22,17794482
2018,4,USD,2018,5,100000008,USD,HB-1172,HB,24,17794482
2018,4,USD,2018,5,100000008,USD,HB-1173,HB,41,17794482
2018,4,USD,2018,5,100000008,USD,HB-1175,HB,23,17794482
2018,4,USD,2018,5,100000008,USD,CB-1162,CB,10,17794482
2018,4,USD,2018,5,100000008,USD,CB-1161,CB,56,17794482
2018,4,USD,2018,6,100000003,USD,BX-1014,BX,22,17794482
2018,4,USD,2018,6,100000004,USD,MB-1032,MB,45,17794482
2018,4,USD,2018,6,100000004,USD,MB-1033,MB,23,17794482
2018,4,USD,2018,6,100000004,USD,EB-1136,EB,46,17794482
2018,4,USD,2018,6,100000004,USD,HB-1174,HB,41,17794482
2018,4,USD,2018,6,100000004,USD,RC-1054,RC,24,17794482
2018,4,USD,2018,6,100000004,USD,CC-1023,CC,65,17794482
2018,4,USD,2018,6,100000004,USD,EB-1137,EB,35,17794482
2018,4,USD,2018,6,100000023,USD,CB-1163,CB,45,17794482
2018,4,USD,2018,6,100000023,USD,BX-1012,BX,36,17794482
2018,4,USD,2018,6,100000023,USD,EB-1134,EB,38,17794482
2018,4,USD,2018,6,100000023,USD,HB-1173,HB,25,17794482
2018,4,USD,2018,6,100000023,USD,RC-1056,RC,46,17794482
2018,4,USD,2018,6,100000023,USD,EB-1136,EB,46,17794482
2018,4,USD,2018,6,100000023,USD,RC-1055,RC,32,17794482
2018,4,USD,2018,6,100000016,USD,CC-1023,CC,65,17794482
2018,4,USD,2018,6,100000016,USD,EB-1131,EB,18,17794482
2018,4,USD,2018,6,100000016,USD,BX-1013,BX,54,17794482
2018,4,USD,2018,6,100000016,USD,RC-1057,RC,34,17794482
2018,4,USD,2018,6,100000016,USD,BX-1016,BX,22,17794482
2018,4,USD,2018,6,100000016,USD,HB-1176,HB,29,17794482
2018,4,USD,2018,6,100000032,USD,MB-1031,MB,51,17794482
2018,4,USD,2018,6,100000029,USD,EB-1135,EB,22,17794482
2018,4,USD,2018,6,100000029,USD,BX-1014,BX,22,17794482
2018,4,USD,2018,6,100000029,USD,HB-1172,HB,34,17794482
2018,4,USD,2018,6,100000029,USD,RO-1002,RO,26,17794482
2018,4,USD,2018,7,100000010,USD,CC-1021,CC,15,17794482
2018,4,USD,2018,7,100000010,USD,EB-1137,EB,14,17794482
2018,4,USD,2018,7,100000010,USD,CC-1023,CC,40,17794482
2018,4,USD,2018,7,100000010,USD,BX-1012,BX,30,17794482
2018,4,USD,2018,6,100000009,USD,HB-1176,HB,29,17794482
2018,4,USD,2018,6,100000009,USD,EB-1132,EB,31,17794482
2018,4,USD,2018,6,100000009,USD,BX-1015,BX,14,17794482
2018,4,USD,2018,6,100000009,USD,EB-1133,EB,15,17794482
2018,4,USD,2018,6,100000034,USD,RC-1053,RC,31,17794482
2018,4,USD,2018,6,100000034,USD,HB-1173,HB,25,17794482
2018,4,USD,2018,6,100000034,USD,RO-1003,RO,4,17794482
2018,4,USD,2018,6,100000034,USD,BX-1012,BX,36,17794482
2018,4,USD,2018,6,100000034,USD,HB-1174,HB,41,17794482
2018,4,USD,2018,6,100000023,USD,CC-1022,CC,34,17794482
2018,4,USD,2018,6,100000023,USD,HB-1175,HB,42,17794482
2018,4,USD,2018,6,100000023,USD,BX-1011,BX,36,17794482
2018,4,USD,2018,6,100000023,USD,CB-1161,CB,10,17794482
2018,4,USD,2018,6,100000023,USD,HB-1176,HB,29,17794482
2018,4,USD,2018,7,100000021,USD,CB-1161,CB,13,17794482
2018,4,USD,2018,7,100000021,USD,EB-1133,EB,9,17794482
2018,4,USD,2018,7,100000021,USD,BX-1013,BX,32,17794482
2018,4,USD,2018,7,100000021,USD,EB-1137,EB,14,17794482
2018,4,USD,2018,7,100000021,USD,RC-1057,RC,10,17794482
2018,4,USD,2018,7,100000021,USD,CB-1163,CB,11,17794482
2018,4,USD,2018,7,100000021,USD,BX-1015,BX,24,17794482
2018,4,USD,2018,7,100000021,USD,BX-1012,BX,30,17794482
2018,4,USD,2018,7,100000021,USD,CC-1023,CC,40,17794482
2018,4,USD,2018,6,100000006,USD,HB-1175,HB,42,17794482
2018,5,USD,2018,7,100000028,USD,EB-1132,EB,40,17574993
2018,5,USD,2018,7,100000028,USD,RC-1051,RC,7,17574993
2018,5,USD,2018,7,100000028,USD,BX-1013,BX,32,17574993
2018,5,USD,2018,7,100000028,USD,MB-1033,MB,24,17574993
2018,5,USD,2018,7,100000028,USD,HB-1173,HB,12,17574993
2018,5,USD,2018,7,100000028,USD,RC-1052,RC,12,17574993
2018,5,USD,2018,7,100000028,USD,CC-1023,CC,40,17574993
2018,5,USD,2018,7,100000028,USD,CC-1021,CC,15,17574993
2018,5,USD,2018,6,100000015,USD,EB-1137,EB,35,17574993
2018,5,USD,2018,6,100000015,USD,BX-1013,BX,54,17574993
2018,5,USD,2018,6,100000015,USD,BX-1014,BX,22,17574993
2018,5,USD,2018,6,100000015,USD,HB-1175,HB,42,17574993
2018,5,USD,2018,6,100000015,USD,MB-1032,MB,45,17574993
2018,5,USD,2018,7,100000033,USD,EB-1131,EB,29,17574993
2018,5,USD,2018,7,100000033,USD,EB-1134,EB,11,17574993
2018,5,USD,2018,7,100000033,USD,RC-1053,RC,19,17574993
2018,5,USD,2018,7,100000033,USD,DB-1081,DB,18,17574993
2018,5,USD,2018,7,100000017,USD,HB-1176,HB,16,17574993
2018,5,USD,2018,7,100000017,USD,EB-1135,EB,6,17574993
2018,5,USD,2018,7,100000017,USD,BX-1012,BX,30,17574993
2018,5,USD,2018,7,100000017,USD,RC-1051,RC,7,17574993
2018,5,USD,2018,7,100000001,USD,DB-1082,DB,8,17574993
2018,5,USD,2018,7,100000001,USD,RO-1003,RO,9,17574993
2018,5,USD,2018,7,100000001,USD,CB-1163,CB,11,17574993
2018,5,USD,2018,7,100000001,USD,RO-1002,RO,13,17574993
2018,5,USD,2018,7,100000001,USD,RC-1056,RC,38,17574993
2018,5,USD,2018,7,100000001,USD,CC-1022,CC,23,17574993
2018,5,USD,2018,7,100000001,USD,EB-1137,EB,14,17574993
2018,5,USD,2018,7,100000032,USD,RC-1054,RC,10,17574993
2018,5,USD,2018,7,100000032,USD,CC-1022,CC,23,17574993
2018,5,USD,2018,7,100000032,USD,RC-1055,RC,26,17574993
2018,5,USD,2018,7,100000032,USD,HB-1173,HB,12,17574993
2018,5,USD,2018,7,100000032,USD,HB-1172,HB,15,17574993
2018,5,USD,2018,7,100000004,USD,CC-1022,CC,23,17574993
2018,5,USD,2018,7,100000004,USD,EB-1131,EB,29,17574993
2018,5,USD,2018,7,100000004,USD,RC-1055,RC,26,17574993
2018,5,USD,2018,7,100000004,USD,RC-1053,RC,19,17574993
2018,5,USD,2018,7,100000004,USD,MB-1034,MB,10,17574993
2018,5,USD,2018,7,100000004,USD,HB-1171,HB,8,17574993
2018,5,USD,2018,7,100000004,USD,CB-1162,CB,22,17574993
2018,5,USD,2018,7,100000004,USD,EB-1133,EB,9,17574993
2018,5,USD,2018,7,100000004,USD,MB-1033,MB,24,17574993
2018,5,USD,2018,7,100000032,USD,EB-1132,EB,40,17574993
2018,5,USD,2018,7,100000032,USD,BX-1016,BX,6,17574993
2018,5,USD,2018,7,100000032,USD,CB-1161,CB,13,17574993
2018,5,USD,2018,7,100000012,USD,RC-1052,RC,12,17574993
2018,5,USD,2018,7,100000012,USD,DB-1083,DB,17,17574993
2018,5,USD,2018,7,100000012,USD,BX-1013,BX,32,17574993
2018,5,USD,2018,7,100000035,USD,RO-1002,RO,13,17574993
2018,5,USD,2018,7,100000035,USD,CC-1023,CC,40,17574993
2018,5,USD,2018,7,100000035,USD,RC-1056,RC,38,17574993
2018,5,USD,2018,7,100000027,USD,HB-1173,HB,12,17574993
2018,5,USD,2018,7,100000027,USD,BX-1013,BX,32,17574993
2018,5,USD,2018,7,100000027,USD,MB-1033,MB,24,17574993
2018,5,USD,2018,7,100000027,USD,RO-1001,RO,27,17574993
2018,5,USD,2018,7,100000027,USD,RC-1057,RC,10,17574993
2018,5,USD,2018,7,100000027,USD,DB-1083,DB,17,17574993
2018,5,USD,2018,7,100000027,USD,EB-1133,EB,9,17574993
2018,5,USD,2018,7,100000027,USD,CC-1023,CC,40,17574993
2018,5,USD,2018,7,100000027,USD,RC-1054,RC,10,17574993
2018,5,USD,2018,7,100000002,USD,CC-1022,CC,23,17574993
2018,5,USD,2018,7,100000002,USD,HB-1174,HB,5,17574993
2018,5,USD,2018,7,100000002,USD,EB-1134,EB,11,17574993
2018,5,USD,2018,7,100000002,USD,BX-1014,BX,6,17574993
2018,5,USD,2018,7,100000004,USD,RC-1052,RC,12,17574993
2018,5,USD,2018,7,100000004,USD,RO-1001,RO,27,17574993
2018,5,USD,2018,7,100000004,USD,BX-1013,BX,32,17574993
2018,5,USD,2018,8,100000029,USD,EB-1134,EB,19,17574993
2018,5,USD,2018,8,100000029,USD,MB-1033,MB,31,17574993
2018,5,USD,2018,8,100000029,USD,BX-1011,BX,32,17574993
2018,5,USD,2018,8,100000029,USD,CC-1023,CC,21,17574993
2018,5,USD,2018,8,100000029,USD,RO-1002,RO,12,17574993
2018,5,USD,2018,8,100000029,USD,BX-1014,BX,23,17574993
2018,5,USD,2018,8,100000029,USD,BX-1015,BX,30,17574993
2018,5,USD,2018,7,100000002,USD,HB-1176,HB,16,17574993
2018,5,USD,2018,7,100000002,USD,EB-1136,EB,4,17574993
2018,5,USD,2018,7,100000002,USD,CB-1163,CB,11,17574993
2018,5,USD,2018,7,100000002,USD,CB-1162,CB,22,17574993
2018,5,USD,2018,7,100000002,USD,EB-1132,EB,40,17574993
2018,5,USD,2018,7,100000002,USD,DB-1081,DB,18,17574993
2018,5,USD,2018,7,100000002,USD,BX-1015,BX,24,17574993
2018,5,USD,2018,7,100000002,USD,RC-1053,RC,19,17574993
2018,5,USD,2018,8,100000033,USD,RC-1055,RC,48,17574993
2018,5,USD,2018,8,100000033,USD,EB-1133,EB,13,17574993
2018,5,USD,2018,8,100000033,USD,RC-1056,RC,90,17574993
2018,6,USD,2018,8,100000001,USD,DB-1082,DB,7,12905994
2018,6,USD,2018,8,100000001,USD,RC-1053,RC,15,12905994
2018,6,USD,2018,8,100000001,USD,RO-1003,RO,16,12905994
2018,6,USD,2018,8,100000001,USD,HB-1176,HB,13,12905994
2018,6,USD,2018,8,100000001,USD,RC-1056,RC,90,12905994
2018,6,USD,2018,7,100000035,USD,EB-1132,EB,40,12905994
2018,6,USD,2018,7,100000035,USD,MB-1034,MB,10,12905994
2018,6,USD,2018,7,100000037,USD,HB-1175,HB,9,12905994
2018,6,USD,2018,7,100000037,USD,HB-1173,HB,12,12905994
2018,6,USD,2018,7,100000037,USD,HB-1172,HB,15,12905994
2018,6,USD,2018,7,100000037,USD,MB-1031,MB,15,12905994
2018,6,USD,2018,7,100000037,USD,MB-1032,MB,1,12905994
2018,6,USD,2018,7,100000037,USD,DB-1081,DB,18,12905994
2018,6,USD,2018,7,100000037,USD,RC-1051,RC,7,12905994
2018,6,USD,2018,7,100000037,USD,BX-1012,BX,30,12905994
2018,6,USD,2018,7,100000037,USD,BX-1013,BX,32,12905994
2018,6,USD,2018,8,100000020,USD,HB-1174,HB,17,12905994
2018,6,USD,2018,8,100000020,USD,RC-1056,RC,90,12905994
2018,6,USD,2018,8,100000020,USD,HB-1176,HB,13,12905994
2018,6,USD,2018,8,100000020,USD,DB-1083,DB,15,12905994
2018,6,USD,2018,8,100000020,USD,MB-1032,MB,10,12905994
2018,6,USD,2018,8,100000018,USD,BX-1013,BX,38,12905994
2018,6,USD,2018,8,100000018,USD,RC-1056,RC,90,12905994
2018,6,USD,2018,8,100000014,USD,BX-1016,BX,16,12905994
2018,6,USD,2018,8,100000014,USD,MB-1033,MB,31,12905994
2018,6,USD,2018,8,100000029,USD,RC-1057,RC,25,12905994
2018,6,USD,2018,8,100000029,USD,MB-1033,MB,31,12905994
2018,6,USD,2018,8,100000029,USD,BX-1011,BX,32,12905994
2018,6,USD,2018,8,100000029,USD,CB-1162,CB,8,12905994
2018,6,USD,2018,8,100000029,USD,RO-1001,RO,18,12905994
2018,6,USD,2018,8,100000029,USD,BX-1013,BX,38,12905994
2018,6,USD,2018,8,100000032,USD,RC-1056,RC,90,12905994
2018,6,USD,2018,8,100000032,USD,EB-1132,EB,13,12905994
2018,6,USD,2018,8,100000032,USD,MB-1033,MB,31,12905994
2018,6,USD,2018,8,100000032,USD,MB-1031,MB,9,12905994
2018,6,USD,2018,8,100000032,USD,BX-1015,BX,30,12905994
2018,6,USD,2018,8,100000032,USD,HB-1171,HB,7,12905994
2018,6,USD,2018,8,100000024,USD,EB-1133,EB,13,12905994
2018,6,USD,2018,8,100000024,USD,MB-1033,MB,31,12905994
2018,6,USD,2018,8,100000024,USD,BX-1013,BX,38,12905994
2018,6,USD,2018,8,100000024,USD,BX-1015,BX,30,12905994
2018,6,USD,2018,8,100000024,USD,CB-1163,CB,17,12905994
2018,6,USD,2018,8,100000024,USD,RC-1051,RC,16,12905994
2018,6,USD,2018,8,100000024,USD,EB-1136,EB,8,12905994
2018,6,USD,2018,8,100000024,USD,EB-1132,EB,13,12905994
2018,6,USD,2018,8,100000024,USD,CC-1023,CC,21,12905994
2018,6,USD,2018,8,100000024,USD,HB-1173,HB,11,12905994
2018,6,USD,2018,8,100000015,USD,CC-1023,CC,21,12905994
2018,6,USD,2018,8,100000015,USD,EB-1135,EB,23,12905994
2018,6,USD,2018,8,100000015,USD,CB-1162,CB,8,12905994
2018,6,USD,2018,8,100000015,USD,CC-1021,CC,15,12905994
2018,6,USD,2018,8,100000014,USD,CB-1161,CB,9,12905994
2018,6,USD,2018,8,100000014,USD,HB-1171,HB,7,12905994
2018,6,USD,2018,8,100000014,USD,CB-1163,CB,17,12905994
2018,6,USD,2018,8,100000014,USD,CC-1022,CC,20,12905994
2018,6,USD,2018,8,100000014,USD,CC-1023,CC,21,12905994
2018,6,USD,2018,8,100000014,USD,RO-1002,RO,12,12905994
2018,6,USD,2018,8,100000014,USD,DB-1083,DB,15,12905994
2018,6,USD,2018,8,100000014,USD,RC-1054,RC,12,12905994
2018,6,USD,2018,8,100000014,USD,EB-1134,EB,19,12905994
2018,6,USD,2018,8,100000014,USD,BX-1014,BX,23,12905994
2018,6,USD,2018,7,100000001,USD,RO-1003,RO,9,12905994
2018,6,USD,2018,7,100000001,USD,RC-1056,RC,38,12905994
2018,6,USD,2018,7,100000001,USD,CC-1021,CC,15,12905994
2018,6,USD,2018,7,100000001,USD,RO-1001,RO,27,12905994
2018,6,USD,2018,7,100000001,USD,HB-1176,HB,16,12905994
2018,6,USD,2018,7,100000001,USD,CB-1162,CB,22,12905994
2018,6,USD,2018,7,100000001,USD,DB-1083,DB,17,12905994
2018,6,USD,2018,7,100000001,USD,BX-1016,BX,6,12905994
2018,6,USD,2018,8,100000026,USD,BX-1014,BX,23,12905994
2018,6,USD,2018,8,100000010,USD,CC-1021,CC,15,12905994
2018,6,USD,2018,8,100000010,USD,RO-1001,RO,18,12905994
2018,6,USD,2018,8,100000010,USD,RC-1057,RC,25,12905994
2018,6,USD,2018,8,100000010,USD,CC-1022,CC,20,12905994
2018,6,USD,2018,8,100000010,USD,BX-1011,BX,32,12905994
2018,6,USD,2018,8,100000010,USD,RC-1053,RC,15,12905994
2018,6,USD,2018,8,100000010,USD,HB-1173,HB,11,12905994
2018,6,USD,2018,8,100000010,USD,MB-1033,MB,31,12905994
2018,6,USD,2018,9,100000008,USD,RO-1001,RO,1,12905994
2018,6,USD,2018,9,100000008,USD,MB-1034,MB,15,12905994
2018,6,USD,2018,9,100000008,USD,BX-1013,BX,35,12905994
2018,6,USD,2018,8,100000030,USD,RC-1052,RC,10,12905994
2018,6,USD,2018,8,100000030,USD,HB-1172,HB,11,12905994
2018,6,USD,2018,8,100000030,USD,MB-1033,MB,31,12905994
2018,7,USD,2018,8,100000005,USD,RO-1003,RO,16,9757218
2018,7,USD,2018,8,100000005,USD,DB-1081,DB,6,9757218
2018,7,USD,2018,8,100000005,USD,EB-1135,EB,23,9757218
2018,7,USD,2018,8,100000005,USD,HB-1174,HB,17,9757218
2018,7,USD,2018,8,100000005,USD,CC-1022,CC,20,9757218
2018,7,USD,2018,8,100000034,USD,RC-1051,RC,16,9757218
2018,7,USD,2018,8,100000034,USD,DB-1082,DB,7,9757218
2018,7,USD,2018,8,100000034,USD,RO-1002,RO,12,9757218
2018,7,USD,2018,8,100000034,USD,EB-1135,EB,23,9757218
2018,7,USD,2018,8,100000034,USD,RC-1057,RC,25,9757218
2018,7,USD,2018,8,100000034,USD,BX-1013,BX,38,9757218
2018,7,USD,2018,8,100000034,USD,BX-1016,BX,16,9757218
2018,7,USD,2018,8,100000034,USD,BX-1015,BX,30,9757218
2018,7,USD,2018,8,100000034,USD,RC-1055,RC,48,9757218
2018,7,USD,2018,8,100000000,USD,MB-1032,MB,10,9757218
2018,7,USD,2018,8,100000000,USD,BX-1014,BX,23,9757218
2018,7,USD,2018,8,100000000,USD,BX-1013,BX,38,9757218
2018,7,USD,2018,8,100000000,USD,BX-1012,BX,4,9757218
2018,7,USD,2018,8,100000000,USD,BX-1015,BX,30,9757218
2018,7,USD,2018,8,100000000,USD,MB-1034,MB,4,9757218
2018,7,USD,2018,8,100000000,USD,HB-1172,HB,11,9757218
2018,7,USD,2018,8,100000000,USD,RC-1055,RC,48,9757218
2018,7,USD,2018,8,100000000,USD,CC-1023,CC,21,9757218
2018,7,USD,2018,8,100000000,USD,EB-1133,EB,13,9757218
2018,7,USD,2018,9,100000022,USD,RC-1054,RC,10,9757218
2018,7,USD,2018,8,100000009,USD,EB-1134,EB,19,9757218
2018,7,USD,2018,8,100000009,USD,RC-1056,RC,90,9757218
2018,7,USD,2018,8,100000009,USD,MB-1033,MB,31,9757218
2018,7,USD,2018,8,100000026,USD,CB-1163,CB,17,9757218
2018,7,USD,2018,8,100000026,USD,BX-1011,BX,32,9757218
2018,7,USD,2018,8,100000026,USD,EB-1134,EB,19,9757218
2018,7,USD,2018,8,100000026,USD,RC-1055,RC,48,9757218
2018,7,USD,0,0,100000017,USD,HB-1173,HB,10,9757218
2018,7,USD,0,0,100000017,USD,DB-1082,DB,12,9757218
2018,7,USD,0,0,100000017,USD,BX-1013,BX,5,9757218
2018,7,USD,0,0,100000017,USD,RC-1054,RC,2,9757218
2018,7,USD,0,0,100000017,USD,MB-1033,MB,9,9757218
2018,7,USD,0,0,100000017,USD,CB-1163,CB,14,9757218
2018,7,USD,0,0,100000017,USD,EB-1134,EB,1,9757218
2018,7,USD,0,0,100000017,USD,CC-1023,CC,15,9757218
2018,7,USD,2018,9,100000001,USD,RC-1057,RC,18,9757218
2018,7,USD,2018,9,100000001,USD,BX-1013,BX,35,9757218
2018,7,USD,2018,9,100000001,USD,RC-1052,RC,10,9757218
2018,7,USD,2018,9,100000001,USD,CB-1161,CB,3,9757218
2018,7,USD,2018,9,100000001,USD,EB-1135,EB,8,9757218
2018,7,USD,2018,9,100000034,USD,DB-1082,DB,18,9757218
2018,7,USD,2018,9,100000034,USD,RO-1003,RO,14,9757218
2018,7,USD,2018,9,100000034,USD,BX-1013,BX,35,9757218
2018,7,USD,2018,8,100000003,USD,RC-1054,RC,12,9757218
2018,7,USD,2018,8,100000003,USD,CC-1021,CC,15,9757218
2018,7,USD,2018,8,100000003,USD,EB-1134,EB,19,9757218
2018,7,USD,2018,8,100000003,USD,BX-1016,BX,16,9757218
2018,7,USD,2018,9,100000036,USD,HB-1173,HB,4,9757218
2018,7,USD,2018,9,100000036,USD,BX-1013,BX,35,9757218
2018,7,USD,2018,9,100000027,USD,MB-1034,MB,15,9757218
2018,7,USD,2018,9,100000015,USD,MB-1031,MB,18,9757218
2018,7,USD,2018,9,100000015,USD,BX-1015,BX,15,9757218
2018,7,USD,2018,9,100000015,USD,BX-1013,BX,35,9757218
2018,7,USD,2018,9,100000015,USD,RC-1056,RC,14,9757218
2018,7,USD,2018,9,100000015,USD,CC-1023,CC,17,9757218
2018,7,USD,2018,9,100000015,USD,HB-1172,HB,10,9757218
2018,7,USD,2018,9,100000015,USD,EB-1131,EB,12,9757218
2018,7,USD,2018,9,100000015,USD,EB-1135,EB,8,9757218
2018,7,USD,2018,9,100000019,USD,RC-1055,RC,14,9757218
2018,7,USD,2018,9,100000019,USD,RC-1051,RC,13,9757218
2018,7,USD,2018,9,100000019,USD,BX-1014,BX,4,9757218
2018,7,USD,2018,9,100000019,USD,EB-1132,EB,8,9757218
2018,7,USD,2018,9,100000019,USD,CB-1163,CB,15,9757218
2018,7,USD,2018,9,100000019,USD,RC-1053,RC,25,9757218
2018,7,USD,2018,9,100000016,USD,RC-1053,RC,25,9757218
2018,7,USD,2018,9,100000016,USD,RC-1052,RC,10,9757218
2018,7,USD,2018,9,100000016,USD,RO-1003,RO,14,9757218
2018,7,USD,2018,9,100000016,USD,RC-1057,RC,18,9757218
2018,7,USD,2018,9,100000016,USD,RC-1055,RC,14,9757218
2018,7,USD,2018,9,100000021,USD,HB-1172,HB,10,9757218
2018,7,USD,2018,9,100000021,USD,BX-1012,BX,8,9757218
2018,7,USD,2018,9,100000021,USD,BX-1016,BX,4,9757218
2018,7,USD,2018,9,100000021,USD,CC-1022,CC,11,9757218
2018,7,USD,2018,9,100000021,USD,EB-1136,EB,8,9757218
2018,7,USD,2018,9,100000021,USD,HB-1176,HB,9,9757218
2018,7,USD,2018,9,100000020,USD,CB-1163,CB,15,9757218
2018,7,USD,2018,9,100000020,USD,HB-1174,HB,1,9757218
2018,7,USD,2018,9,100000020,USD,RC-1052,RC,10,9757218
2018,7,USD,2018,9,100000020,USD,DB-1081,DB,25,9757218
2018,7,USD,2018,9,100000020,USD,HB-1171,HB,1,9757218
2018,7,USD,2018,9,100000020,USD,DB-1082,DB,18,9757218
2018,7,USD,2018,9,100000020,USD,RO-1003,RO,14,9757218
2018,7,USD,2018,9,100000020,USD,BX-1012,BX,8,9757218
2018,7,USD,2018,9,100000020,USD,BX-1013,BX,35,9757218
2018,7,USD,2018,9,100000033,USD,BX-1015,BX,15,9757218
2018,7,USD,2018,9,100000033,USD,DB-1081,DB,25,9757218
2018,7,USD,2018,9,100000033,USD,MB-1033,MB,4,9757218
2018,7,USD,2018,9,100000033,USD,EB-1131,EB,12,9757218
2018,7,USD,2018,9,100000033,USD,CC-1022,CC,11,9757218
2018,7,USD,2018,9,100000033,USD,MB-1031,MB,18,9757218
2018,7,USD,2018,9,100000008,USD,RC-1051,RC,13,9757218
2018,7,USD,2018,9,100000008,USD,EB-1134,EB,4,9757218
2018,7,USD,2018,9,100000008,USD,DB-1081,DB,25,9757218
2018,7,USD,2018,9,100000008,USD,DB-1082,DB,18,9757218
2018,7,USD,2018,9,100000008,USD,EB-1131,EB,12,9757218
2018,7,USD,2018,9,100000008,USD,EB-1133,EB,10,9757218
2018,7,USD,2018,9,100000028,USD,HB-1176,HB,9,9757218
2018,7,USD,2018,9,100000028,USD,CB-1162,CB,7,9757218
2018,7,USD,2018,9,100000028,USD,EB-1134,EB,4,9757218
2018,7,USD,2018,9,100000028,USD,MB-1034,MB,15,9757218
2018,7,USD,2018,10,100000006,USD,EB-1137,EB,42,9757218
2018,7,USD,2018,10,100000006,USD,RO-1003,RO,29,9757218
2018,7,USD,2018,10,100000006,USD,BX-1013,BX,48,9757218
2018,7,USD,2018,10,100000006,USD,RC-1052,RC,10,9757218
2018,7,USD,2018,10,100000006,USD,EB-1131,EB,28,9757218
2018,7,USD,2018,10,100000006,USD,HB-1174,HB,30,9757218
2018,7,USD,2018,10,100000006,USD,BX-1011,BX,20,9757218
2018,7,USD,2018,9,100000023,USD,DB-1083,DB,13,9757218
2018,7,USD,2018,9,100000023,USD,RC-1053,RC,25,9757218
2018,7,USD,2018,9,100000032,USD,CC-1023,CC,17,9757218
2018,7,USD,2018,9,100000032,USD,DB-1083,DB,13,9757218
2018,7,USD,2018,9,100000032,USD,DB-1081,DB,25,9757218
2018,7,USD,2018,9,100000032,USD,DB-1082,DB,18,9757218
2018,7,USD,2018,9,100000032,USD,CC-1021,CC,1,9757218
2018,7,USD,2018,9,100000032,USD,BX-1014,BX,4,9757218
2018,7,USD,2018,10,100000005,USD,CB-1161,CB,35,9757218
2018,7,USD,2018,10,100000005,USD,RC-1053,RC,21,9757218
2018,7,USD,2018,10,100000005,USD,CC-1021,CC,19,9757218
2018,7,USD,2018,10,100000005,USD,EB-1137,EB,42,9757218
2018,8,USD,2018,10,100000038,USD,EB-1131,EB,28,6801424
2018,8,USD,2018,10,100000038,USD,MB-1033,MB,31,6801424
2018,8,USD,2018,10,100000038,USD,RC-1055,RC,66,6801424
2018,8,USD,2018,10,100000038,USD,MB-1034,MB,20,6801424
2018,8,USD,2018,10,100000038,USD,HB-1176,HB,15,6801424
2018,8,USD,2018,10,100000038,USD,EB-1136,EB,20,6801424
2018,8,USD,2018,10,100000038,USD,BX-1012,BX,8,6801424
2018,8,USD,2018,10,100000038,USD,CB-1163,CB,28,6801424
2018,8,USD,2018,10,100000001,USD,DB-1081,DB,24,6801424
2018,8,USD,2018,10,100000001,USD,MB-1031,MB,15,6801424
2018,8,USD,2018,10,100000001,USD,RC-1054,RC,14,6801424
2018,8,USD,2018,10,100000001,USD,CB-1163,CB,28,6801424
2018,8,USD,2018,10,100000001,USD,HB-1174,HB,30,6801424
2018,8,USD,2018,10,100000001,USD,RO-1001,RO,20,6801424
2018,8,USD,2018,10,100000001,USD,EB-1132,EB,16,6801424
2018,8,USD,2018,10,100000001,USD,EB-1131,EB,28,6801424
2018,8,USD,2018,10,100000001,USD,BX-1015,BX,39,6801424
2018,8,USD,2018,10,100000029,USD,DB-1081,DB,24,6801424
2018,8,USD,2018,10,100000029,USD,RC-1057,RC,18,6801424
2018,8,USD,2018,10,100000016,USD,DB-1083,DB,36,6801424
2018,8,USD,2018,10,100000016,USD,RO-1003,RO,29,6801424
2018,8,USD,2018,10,100000024,USD,DB-1081,DB,24,6801424
2018,8,USD,2018,10,100000024,USD,EB-1136,EB,20,6801424
2018,8,USD,2018,10,100000024,USD,CC-1023,CC,22,6801424
2018,8,USD,2018,10,100000024,USD,BX-1013,BX,48,6801424
2018,8,USD,2018,10,100000020,USD,EB-1137,EB,42,6801424
2018,8,USD,2018,10,100000020,USD,RC-1051,RC,32,6801424
2018,8,USD,2018,10,100000020,USD,RC-1055,RC,66,6801424
2018,8,USD,2018,10,100000020,USD,RC-1053,RC,21,6801424
2018,8,USD,2018,10,100000020,USD,HB-1173,HB,8,6801424
2018,8,USD,2018,10,100000020,USD,DB-1083,DB,36,6801424
2018,8,USD,2018,10,100000020,USD,MB-1032,MB,14,6801424
2018,8,USD,2018,10,100000020,USD,RO-1001,RO,20,6801424
2018,8,USD,2018,10,100000020,USD,MB-1033,MB,31,6801424
2018,8,USD,2018,10,100000009,USD,BX-1013,BX,48,6801424
2018,8,USD,2018,10,100000009,USD,EB-1134,EB,10,6801424
2018,8,USD,2018,10,100000009,USD,HB-1175,HB,37,6801424
2018,8,USD,2018,10,100000009,USD,BX-1012,BX,8,6801424
2018,8,USD,2018,10,100000009,USD,BX-1011,BX,20,6801424
2018,8,USD,2018,10,100000007,USD,BX-1015,BX,39,6801424
2018,8,USD,2018,10,100000007,USD,HB-1172,HB,4,6801424
2018,8,USD,2018,10,100000007,USD,CB-1162,CB,10,6801424
2018,8,USD,2018,10,100000007,USD,HB-1174,HB,30,6801424
2018,8,USD,2018,10,100000007,USD,MB-1034,MB,20,6801424
2018,8,USD,2018,10,100000007,USD,RO-1001,RO,20,6801424
2018,8,USD,2018,10,100000007,USD,CC-1023,CC,22,6801424
2018,8,USD,2018,10,100000007,USD,RC-1054,RC,14,6801424
2018,8,USD,2018,10,100000033,USD,BX-1015,BX,39,6801424
2018,8,USD,2018,10,100000033,USD,HB-1173,HB,8,6801424
2018,8,USD,2018,10,100000033,USD,RC-1056,RC,20,6801424
2018,8,USD,2018,10,100000033,USD,DB-1083,DB,36,6801424
2018,8,USD,2018,10,100000033,USD,EB-1135,EB,22,6801424
2018,8,USD,2018,10,100000033,USD,CB-1163,CB,28,6801424
2018,8,USD,2018,10,100000033,USD,CB-1162,CB,10,6801424
2018,8,USD,2018,10,100000033,USD,CC-1021,CC,19,6801424
2018,8,USD,2018,10,100000033,USD,BX-1013,BX,48,6801424
2018,8,USD,2018,10,100000014,USD,RC-1053,RC,21,6801424
2018,8,USD,2018,10,100000014,USD,BX-1016,BX,6,6801424
2018,8,USD,2018,10,100000014,USD,HB-1171,HB,4,6801424
2018,8,USD,2018,10,100000014,USD,HB-1174,HB,30,6801424
2018,8,USD,2018,10,100000015,USD,RC-1055,RC,66,6801424
2018,8,USD,2018,10,100000015,USD,EB-1136,EB,20,6801424
2018,8,USD,2018,10,100000015,USD,BX-1013,BX,48,6801424
2018,8,USD,2018,10,100000015,USD,RC-1057,RC,18,6801424
2018,8,USD,2018,10,100000015,USD,HB-1176,HB,15,6801424
2018,8,USD,2018,10,100000015,USD,HB-1171,HB,4,6801424
2018,8,USD,2018,10,100000015,USD,EB-1133,EB,7,6801424
2018,8,USD,2018,10,100000023,USD,HB-1175,HB,37,6801424
2018,8,USD,2018,10,100000023,USD,HB-1174,HB,30,6801424
2018,8,USD,2018,10,100000023,USD,BX-1014,BX,20,6801424
2018,8,USD,2018,10,100000023,USD,RO-1002,RO,10,6801424
2018,8,USD,2018,10,100000023,USD,CB-1161,CB,35,6801424
2018,8,USD,2018,10,100000023,USD,DB-1082,DB,5,6801424
2018,8,USD,2018,10,100000023,USD,MB-1031,MB,15,6801424
2018,8,USD,2018,10,100000004,USD,MB-1034,MB,20,6801424
2018,8,USD,2018,10,100000004,USD,EB-1132,EB,16,6801424
2018,8,USD,2018,10,100000004,USD,BX-1013,BX,48,6801424
2018,8,USD,2018,11,100000020,USD,RO-1001,RO,50,6801424
2018,8,USD,2018,11,100000020,USD,RC-1054,RC,5,6801424
2018,8,USD,2018,11,100000020,USD,HB-1174,HB,4,6801424
2018,8,USD,2018,11,100000020,USD,HB-1171,HB,26,6801424
2018,9,USD,2018,10,100000023,USD,CB-1161,CB,35,11364894
2018,9,USD,2018,10,100000023,USD,RC-1051,RC,32,11364894
2018,9,USD,2018,10,100000023,USD,DB-1081,DB,24,11364894
2018,9,USD,2018,10,100000023,USD,EB-1135,EB,22,11364894
2018,9,USD,2018,10,100000023,USD,RC-1053,RC,21,11364894
2018,9,USD,2018,10,100000023,USD,MB-1032,MB,14,11364894
2018,9,USD,2018,10,100000007,USD,HB-1174,HB,30,11364894
2018,9,USD,2018,10,100000007,USD,MB-1033,MB,31,11364894
2018,9,USD,2018,10,100000020,USD,MB-1033,MB,31,11364894
2018,9,USD,2018,10,100000020,USD,RC-1051,RC,32,11364894
2018,9,USD,2018,10,100000020,USD,CB-1163,CB,28,11364894
2018,9,USD,2018,10,100000020,USD,RC-1055,RC,66,11364894
2018,9,USD,2018,10,100000020,USD,EB-1134,EB,10,11364894
2018,9,USD,2018,10,100000020,USD,BX-1015,BX,39,11364894
2018,9,USD,2018,10,100000020,USD,CC-1021,CC,19,11364894
2018,9,USD,2018,10,100000020,USD,BX-1014,BX,20,11364894
2018,9,USD,2018,10,100000036,USD,EB-1137,EB,42,11364894
2018,9,USD,2018,10,100000036,USD,MB-1032,MB,14,11364894
2018,9,USD,2018,10,100000036,USD,RC-1055,RC,66,11364894
2018,9,USD,2018,10,100000036,USD,CB-1162,CB,10,11364894
2018,9,USD,2018,10,100000036,USD,EB-1131,EB,28,11364894
2018,9,USD,2018,10,100000036,USD,RC-1053,RC,21,11364894
2018,9,USD,2018,10,100000036,USD,DB-1082,DB,5,11364894
2018,9,USD,2018,10,100000004,USD,BX-1015,BX,39,11364894
2018,9,USD,2018,10,100000004,USD,RC-1051,RC,32,11364894
2018,9,USD,2018,10,100000004,USD,MB-1034,MB,20,11364894
2018,9,USD,2018,10,100000004,USD,EB-1135,EB,22,11364894
2018,9,USD,2018,10,100000004,USD,EB-1137,EB,42,11364894
2018,9,USD,2018,10,100000004,USD,MB-1031,MB,15,11364894
2018,9,USD,2018,10,100000004,USD,DB-1083,DB,36,11364894
2018,9,USD,2018,10,100000004,USD,BX-1013,BX,48,11364894
2018,9,USD,2018,10,100000018,USD,EB-1131,EB,28,11364894
2018,9,USD,2018,10,100000018,USD,EB-1132,EB,16,11364894
2018,9,USD,2018,10,100000018,USD,CB-1161,CB,35,11364894
2018,9,USD,2018,10,100000018,USD,MB-1033,MB,31,11364894
2018,9,USD,2018,10,100000018,USD,CC-1022,CC,9,11364894
2018,9,USD,2018,10,100000018,USD,EB-1136,EB,20,11364894
2018,9,USD,2018,11,100000023,USD,HB-1175,HB,21,11364894
2018,9,USD,2018,11,100000023,USD,RO-1001,RO,50,11364894
2018,9,USD,2018,11,100000023,USD,RC-1055,RC,12,11364894
2018,9,USD,2018,11,100000023,USD,BX-1015,BX,20,11364894
2018,9,USD,2018,11,100000023,USD,CB-1163,CB,21,11364894
2018,9,USD,2018,11,100000023,USD,DB-1082,DB,20,11364894
2018,9,USD,2018,11,100000023,USD,MB-1033,MB,25,11364894
2018,9,USD,2018,10,100000039,USD,RO-1003,RO,29,11364894
2018,9,USD,2018,10,100000039,USD,DB-1083,DB,36,11364894
2018,9,USD,2018,11,100000014,USD,CC-1023,CC,50,11364894
2018,9,USD,2018,11,100000014,USD,HB-1175,HB,21,11364894
2018,9,USD,2018,11,100000014,USD,BX-1013,BX,19,11364894
2018,9,USD,2018,11,100000014,USD,MB-1032,MB,5,11364894
2018,9,USD,2018,11,100000014,USD,RO-1001,RO,50,11364894
2018,9,USD,2018,11,100000014,USD,MB-1031,MB,13,11364894
2018,9,USD,2018,11,100000014,USD,CB-1162,CB,7,11364894
2018,9,USD,2018,11,100000014,USD,EB-1131,EB,10,11364894
2018,9,USD,2018,11,100000014,USD,RC-1055,RC,12,11364894
2018,9,USD,2018,11,100000016,USD,CC-1023,CC,50,11364894
2018,9,USD,2018,11,100000016,USD,EB-1132,EB,22,11364894
2018,9,USD,2018,11,100000016,USD,MB-1034,MB,19,11364894
2018,9,USD,2018,11,100000016,USD,HB-1172,HB,9,11364894
2018,9,USD,2018,11,100000016,USD,HB-1171,HB,26,11364894
2018,9,USD,2018,11,100000016,USD,CC-1021,CC,11,11364894
2018,9,USD,2018,11,100000016,USD,DB-1081,DB,4,11364894
2018,9,USD,2018,11,100000016,USD,EB-1135,EB,16,11364894
2018,9,USD,2018,11,100000016,USD,BX-1011,BX,22,11364894
2018,9,USD,2018,11,100000016,USD,CB-1162,CB,7,11364894
2018,9,USD,2018,10,100000037,USD,BX-1011,BX,20,11364894
2018,9,USD,2018,10,100000037,USD,RC-1057,RC,18,11364894
2018,9,USD,2018,10,100000037,USD,BX-1013,BX,48,11364894
2018,9,USD,2018,10,100000037,USD,DB-1081,DB,24,11364894
2018,9,USD,2018,10,100000037,USD,EB-1137,EB,42,11364894
2018,9,USD,2018,10,100000037,USD,BX-1014,BX,20,11364894
2018,9,USD,2018,10,100000037,USD,MB-1034,MB,20,11364894
2018,9,USD,2018,10,100000037,USD,RO-1003,RO,29,11364894
2018,9,USD,2018,10,100000037,USD,CC-1023,CC,22,11364894
2018,9,USD,2018,10,100000037,USD,RC-1055,RC,66,11364894
2018,9,USD,2018,11,100000035,USD,BX-1016,BX,16,11364894
2018,9,USD,2018,11,100000035,USD,BX-1014,BX,11,11364894
2018,9,USD,2018,11,100000035,USD,EB-1134,EB,35,11364894
2018,9,USD,2018,11,100000035,USD,RC-1052,RC,28,11364894
2018,9,USD,2018,11,100000039,USD,RC-1056,RC,52,11364894
2018,9,USD,2018,11,100000039,USD,CB-1161,CB,3,11364894
2018,9,USD,2018,11,100000039,USD,EB-1134,EB,35,11364894
2018,9,USD,2018,11,100000039,USD,EB-1135,EB,16,11364894
2018,9,USD,2018,11,100000039,USD,CC-1023,CC,50,11364894
2018,9,USD,2018,11,100000039,USD,EB-1136,EB,9,11364894
2018,9,USD,2018,11,100000039,USD,CC-1021,CC,11,11364894
2018,9,USD,2018,11,100000003,USD,EB-1132,EB,22,11364894
2018,9,USD,2018,11,100000003,USD,HB-1171,HB,26,11364894
2018,9,USD,2018,11,100000003,USD,DB-1082,DB,20,11364894
2018,9,USD,2018,11,100000003,USD,BX-1011,BX,22,11364894
2018,9,USD,2018,11,100000003,USD,RC-1052,RC,28,11364894
2018,9,USD,2018,11,100000003,USD,MB-1033,MB,25,11364894
2018,9,USD,2018,11,100000003,USD,HB-1173,HB,21,11364894
2018,9,USD,2018,11,100000003,USD,RO-1001,RO,50,11364894
2018,9,USD,2018,11,100000003,USD,BX-1013,BX,19,11364894
2018,9,USD,2018,11,100000011,USD,MB-1033,MB,25,11364894
2018,9,USD,2018,11,100000011,USD,RC-1055,RC,12,11364894
2018,9,USD,2018,11,100000011,USD,CC-1023,CC,50,11364894
2018,9,USD,2018,11,100000011,USD,RC-1057,RC,18,11364894
2018,9,USD,2018,11,100000011,USD,BX-1011,BX,22,11364894
2018,9,USD,2018,11,100000011,USD,EB-1137,EB,21,11364894
2018,9,USD,2018,11,100000028,USD,CB-1161,CB,3,11364894
2018,9,USD,2018,11,100000028,USD,DB-1083,DB,29,11364894
2018,9,USD,2018,11,100000028,USD,EB-1134,EB,35,11364894
2018,9,USD,2018,11,100000028,USD,RO-1001,RO,50,11364894
2018,9,USD,2018,11,100000039,USD,HB-1176,HB,5,11364894
2018,9,USD,2018,11,100000039,USD,MB-1031,MB,13,11364894
2018,9,USD,2018,11,100000002,USD,RC-1054,RC,5,11364894
2018,9,USD,2018,11,100000002,USD,RC-1056,RC,52,11364894
2018,9,USD,2018,11,100000002,USD,BX-1013,BX,19,11364894
2018,9,USD,2018,11,100000025,USD,MB-1034,MB,19,11364894
2018,9,USD,2018,11,100000025,USD,EB-1133,EB,3,11364894
2018,9,USD,2018,11,100000025,USD,BX-1016,BX,16,11364894
2018,9,USD,2018,11,100000025,USD,HB-1173,HB,21,11364894
2018,9,USD,2018,11,100000025,USD,EB-1135,EB,16,11364894
2018,9,USD,2018,11,100000025,USD,DB-1083,DB,29,11364894
2018,9,USD,0,0,100000004,USD,RC-1055,RC,28,11364894
2018,9,USD,0,0,100000004,USD,EB-1132,EB,9,11364894
2018,9,USD,0,0,100000004,USD,CC-1023,CC,15,11364894
2018,9,USD,0,0,100000004,USD,BX-1012,BX,2,11364894
2018,9,USD,2018,12,100000005,USD,MB-1031,MB,18,11364894
2018,9,USD,2018,12,100000005,USD,EB-1134,EB,63,11364894
2018,9,USD,2018,12,100000005,USD,RC-1055,RC,46,11364894
2018,9,USD,2018,12,100000005,USD,BX-1015,BX,35,11364894
2018,9,USD,2018,12,100000005,USD,RC-1052,RC,18,11364894
2018,9,USD,2018,12,100000005,USD,HB-1173,HB,17,11364894
2018,9,USD,2018,12,100000005,USD,CB-1161,CB,40,11364894
2018,9,USD,2018,12,100000005,USD,EB-1133,EB,7,11364894
2018,9,USD,2018,12,100000005,USD,MB-1033,MB,24,11364894
2018,10,USD,2018,12,100000009,USD,CC-1021,CC,16,11186943
2018,10,USD,2018,12,100000009,USD,BX-1012,BX,15,11186943
2018,10,USD,2018,12,100000009,USD,DB-1081,DB,18,11186943
2018,10,USD,2018,12,100000009,USD,RC-1054,RC,17,11186943
2018,10,USD,2018,12,100000009,USD,EB-1134,EB,63,11186943
2018,10,USD,2018,12,100000009,USD,HB-1173,HB,17,11186943
2018,10,USD,2018,11,100000003,USD,MB-1034,MB,19,11186943
2018,10,USD,2018,11,100000003,USD,DB-1083,DB,29,11186943
2018,10,USD,2018,12,100000025,USD,HB-1175,HB,10,11186943
2018,10,USD,2018,12,100000025,USD,EB-1137,EB,11,11186943
2018,10,USD,2018,12,100000025,USD,EB-1134,EB,63,11186943
2018,10,USD,2018,12,100000025,USD,HB-1176,HB,9,11186943
2018,10,USD,2018,12,100000025,USD,BX-1013,BX,57,11186943
2018,10,USD,2018,12,100000025,USD,CC-1022,CC,8,11186943
2018,10,USD,2018,12,100000002,USD,BX-1011,BX,17,11186943
2018,10,USD,2018,11,100000009,USD,HB-1173,HB,21,11186943
2018,10,USD,2018,11,100000009,USD,BX-1011,BX,22,11186943
2018,10,USD,2018,11,100000009,USD,EB-1134,EB,35,11186943
2018,10,USD,2018,11,100000021,USD,RC-1052,RC,28,11186943
2018,10,USD,2018,11,100000021,USD,BX-1011,BX,22,11186943
2018,10,USD,2018,11,100000021,USD,BX-1014,BX,11,11186943
2018,10,USD,2018,11,100000021,USD,CB-1163,CB,21,11186943
2018,10,USD,2018,11,100000021,USD,HB-1175,HB,21,11186943
2018,10,USD,2018,11,100000021,USD,HB-1171,HB,26,11186943
2018,10,USD,2018,11,100000021,USD,EB-1137,EB,21,11186943
2018,10,USD,2018,11,100000021,USD,BX-1013,BX,19,11186943
2018,10,USD,2018,11,100000021,USD,RC-1057,RC,18,11186943
2018,10,USD,2018,11,100000021,USD,BX-1015,BX,20,11186943
2018,10,USD,2018,12,100000017,USD,DB-1082,DB,32,11186943
2018,10,USD,2018,12,100000017,USD,BX-1011,BX,17,11186943
2018,10,USD,2018,12,100000017,USD,EB-1134,EB,63,11186943
2018,10,USD,2018,12,100000017,USD,RC-1055,RC,46,11186943
2018,10,USD,2018,12,100000017,USD,RC-1057,RC,16,11186943
2018,10,USD,2018,12,100000017,USD,BX-1015,BX,35,11186943
2018,10,USD,2018,12,100000017,USD,HB-1175,HB,10,11186943
2018,10,USD,2018,12,100000017,USD,HB-1171,HB,17,11186943
2018,10,USD,2018,12,100000017,USD,BX-1013,BX,57,11186943
2018,10,USD,2018,12,100000023,USD,RC-1053,RC,1,11186943
2018,10,USD,2018,12,100000023,USD,RC-1055,RC,46,11186943
2018,10,USD,2018,12,100000023,USD,EB-1132,EB,9,11186943
2018,10,USD,2018,12,100000023,USD,BX-1016,BX,20,11186943
2018,10,USD,2018,12,100000023,USD,EB-1131,EB,33,11186943
2018,10,USD,2018,12,100000023,USD,MB-1031,MB,18,11186943
2018,10,USD,2018,11,100000025,USD,HB-1172,HB,9,11186943
2018,10,USD,2018,11,100000025,USD,RO-1003,RO,5,11186943
2018,10,USD,2018,11,100000025,USD,CB-1163,CB,21,11186943
2018,10,USD,2018,11,100000025,USD,RC-1052,RC,28,11186943
2018,10,USD,2018,11,100000025,USD,RO-1002,RO,3,11186943
2018,10,USD,2018,11,100000025,USD,CB-1162,CB,7,11186943
2018,10,USD,2018,11,100000025,USD,CC-1023,CC,50,11186943
2018,10,USD,2018,11,100000025,USD,EB-1137,EB,21,11186943
2018,10,USD,2018,12,100000017,USD,RC-1052,RC,18,11186943
2018,10,USD,2018,12,100000017,USD,EB-1137,EB,11,11186943
2018,10,USD,2018,12,100000017,USD,EB-1136,EB,30,11186943
2018,10,USD,2018,11,100000033,USD,EB-1131,EB,10,11186943
2018,10,USD,2018,11,100000033,USD,RC-1056,RC,52,11186943
2018,10,USD,2018,11,100000033,USD,CB-1163,CB,21,11186943
2018,10,USD,2018,11,100000033,USD,BX-1016,BX,16,11186943
2018,10,USD,2018,11,100000033,USD,RC-1057,RC,18,11186943
2018,10,USD,2018,11,100000033,USD,BX-1014,BX,11,11186943
2018,10,USD,2018,11,100000033,USD,EB-1136,EB,9,11186943
2018,10,USD,2018,11,100000014,USD,RC-1051,RC,5,11186943
2018,10,USD,2018,11,100000014,USD,HB-1171,HB,26,11186943
2018,10,USD,2018,11,100000014,USD,DB-1083,DB,29,11186943
2018,10,USD,2018,11,100000014,USD,HB-1175,HB,21,11186943
2018,10,USD,2018,11,100000014,USD,EB-1134,EB,35,11186943
2018,10,USD,2018,12,100000002,USD,MB-1034,MB,17,11186943
2018,10,USD,2018,12,100000002,USD,EB-1136,EB,30,11186943
2018,10,USD,2018,12,100000002,USD,EB-1134,EB,63,11186943
2018,10,USD,2018,12,100000002,USD,RC-1054,RC,17,11186943
2018,10,USD,2018,12,100000002,USD,MB-1033,MB,24,11186943
2018,10,USD,2018,12,100000002,USD,BX-1016,BX,20,11186943
2018,10,USD,2018,12,100000002,USD,MB-1031,MB,18,11186943
2018,10,USD,2018,12,100000008,USD,MB-1032,MB,15,11186943
2018,10,USD,2018,12,100000038,USD,EB-1136,EB,30,11186943
2018,10,USD,2018,12,100000038,USD,DB-1082,DB,32,11186943
2018,10,USD,2018,12,100000038,USD,BX-1013,BX,57,11186943
2018,10,USD,2018,12,100000038,USD,RO-1003,RO,11,11186943
2018,10,USD,2018,12,100000038,USD,HB-1174,HB,18,11186943
2018,10,USD,2018,12,100000038,USD,MB-1033,MB,24,11186943
2018,10,USD,2018,12,100000038,USD,CB-1161,CB,40,11186943
2018,10,USD,2018,11,100000030,USD,BX-1012,BX,2,11186943
2018,10,USD,2018,11,100000030,USD,DB-1082,DB,20,11186943
2018,10,USD,2018,11,100000030,USD,DB-1083,DB,29,11186943
2018,10,USD,2018,11,100000030,USD,CC-1022,CC,7,11186943
2018,10,USD,2018,12,100000005,USD,BX-1015,BX,35,11186943
2018,10,USD,2018,12,100000005,USD,HB-1172,HB,9,11186943
2018,10,USD,2018,12,100000005,USD,BX-1013,BX,57,11186943
2018,10,USD,2018,12,100000005,USD,RC-1055,RC,46,11186943
2018,10,USD,2018,12,100000005,USD,RC-1056,RC,40,11186943
2018,10,USD,2018,12,100000005,USD,BX-1012,BX,15,11186943
2018,10,USD,2018,12,100000005,USD,DB-1082,DB,32,11186943
2018,10,USD,2018,12,100000005,USD,CB-1163,CB,30,11186943
2018,10,USD,2018,12,100000005,USD,CC-1023,CC,31,11186943
2018,10,USD,2018,12,100000021,USD,HB-1174,HB,18,11186943
2018,10,USD,2018,12,100000021,USD,HB-1173,HB,17,11186943
2018,10,USD,2018,12,100000021,USD,EB-1134,EB,63,11186943
2018,10,USD,2018,12,100000021,USD,CB-1163,CB,30,11186943
2018,10,USD,2018,12,100000021,USD,BX-1013,BX,57,11186943
2018,10,USD,2018,12,100000021,USD,MB-1032,MB,15,11186943
2018,10,USD,2018,12,100000038,USD,RC-1052,RC,18,11186943
2018,10,USD,2018,12,100000038,USD,MB-1032,MB,15,11186943
2018,10,USD,2018,12,100000038,USD,CC-1023,CC,31,11186943
2018,10,USD,2018,12,100000038,USD,EB-1132,EB,9,11186943
2018,10,USD,2018,12,100000015,USD,EB-1131,EB,33,11186943
2018,10,USD,2018,12,100000015,USD,CB-1161,CB,40,11186943
2018,10,USD,2018,12,100000015,USD,RC-1055,RC,46,11186943
2018,10,USD,2018,12,100000015,USD,BX-1013,BX,57,11186943
2018,10,USD,2018,12,100000015,USD,EB-1135,EB,1,11186943
2018,10,USD,2018,12,100000015,USD,MB-1033,MB,24,11186943
2018,10,USD,2018,12,100000000,USD,CB-1163,CB,30,11186943
2018,10,USD,2018,12,100000000,USD,RC-1051,RC,7,11186943
2018,10,USD,2018,12,100000000,USD,CC-1023,CC,31,11186943
2018,10,USD,2018,12,100000000,USD,MB-1034,MB,17,11186943
2018,11,USD,2019,1,100000008,USD,RO-1003,RO,50,9608164
2018,11,USD,2019,1,100000008,USD,RO-1001,RO,23,9608164
2018,11,USD,2018,12,100000031,USD,HB-1175,HB,10,9608164
2018,11,USD,2018,12,100000031,USD,BX-1016,BX,20,9608164
2018,11,USD,2018,12,100000031,USD,BX-1013,BX,57,9608164
2018,11,USD,2018,12,100000036,USD,BX-1015,BX,35,9608164
2018,11,USD,2018,12,100000036,USD,MB-1032,MB,15,9608164
2018,11,USD,2018,12,100000002,USD,BX-1011,BX,17,9608164
2018,11,USD,2018,12,100000002,USD,BX-1014,BX,11,9608164
2018,11,USD,2018,12,100000014,USD,BX-1015,BX,35,9608164
2018,11,USD,2018,12,100000014,USD,RO-1003,RO,11,9608164
2018,11,USD,2018,12,100000014,USD,CB-1162,CB,9,9608164
2018,11,USD,2018,12,100000014,USD,EB-1131,EB,33,9608164
2018,11,USD,2018,12,100000014,USD,BX-1016,BX,20,9608164
2018,11,USD,2018,12,100000014,USD,HB-1171,HB,17,9608164
2018,11,USD,2018,12,100000014,USD,BX-1011,BX,17,9608164
2018,11,USD,2019,1,100000032,USD,CC-1021,CC,30,9608164
2018,11,USD,2019,1,100000032,USD,EB-1137,EB,40,9608164
2018,11,USD,2019,1,100000032,USD,RC-1052,RC,40,9608164
2018,11,USD,2019,1,100000032,USD,MB-1033,MB,31,9608164
2018,11,USD,2019,1,100000032,USD,HB-1173,HB,9,9608164
2018,11,USD,2019,1,100000039,USD,RC-1054,RC,15,9608164
2018,11,USD,2019,1,100000039,USD,EB-1134,EB,17,9608164
2018,11,USD,2019,1,100000039,USD,RC-1055,RC,66,9608164
2018,11,USD,2019,1,100000039,USD,HB-1175,HB,26,9608164
2018,11,USD,2019,1,100000039,USD,DB-1083,DB,24,9608164
2018,11,USD,2019,1,100000039,USD,CB-1163,CB,36,9608164
2018,11,USD,2019,1,100000039,USD,BX-1014,BX,27,9608164
2018,11,USD,2019,1,100000039,USD,RC-1056,RC,22,9608164
2018,11,USD,2019,1,100000019,USD,HB-1176,HB,24,9608164
2018,11,USD,2018,12,100000017,USD,EB-1136,EB,30,9608164
2018,11,USD,2018,12,100000017,USD,EB-1131,EB,33,9608164
2018,11,USD,2018,12,100000017,USD,EB-1137,EB,11,9608164
2018,11,USD,2018,12,100000017,USD,DB-1082,DB,32,9608164
2018,11,USD,2018,12,100000017,USD,RO-1002,RO,4,9608164
2018,11,USD,2018,12,100000017,USD,MB-1034,MB,17,9608164
2018,11,USD,2018,12,100000020,USD,CB-1163,CB,30,9608164
2018,11,USD,2018,12,100000020,USD,RC-1057,RC,16,9608164
2018,11,USD,2018,12,100000020,USD,BX-1013,BX,57,9608164
2018,11,USD,2018,12,100000020,USD,DB-1083,DB,11,9608164
2018,11,USD,2018,12,100000020,USD,RC-1056,RC,40,9608164
2018,11,USD,2018,12,100000020,USD,BX-1012,BX,15,9608164
2018,11,USD,2018,12,100000020,USD,RO-1001,RO,10,9608164
2018,11,USD,2018,12,100000020,USD,CC-1023,CC,31,9608164
2018,11,USD,2019,1,100000037,USD,DB-1081,DB,20,9608164
2018,11,USD,2018,12,100000028,USD,CB-1161,CB,40,9608164
2018,11,USD,2018,12,100000028,USD,RC-1056,RC,40,9608164
2018,11,USD,2018,12,100000028,USD,EB-1134,EB,63,9608164
2018,11,USD,2018,12,100000028,USD,HB-1172,HB,9,9608164
2018,11,USD,2018,12,100000028,USD,BX-1014,BX,11,9608164
2018,11,USD,2018,12,100000028,USD,BX-1015,BX,35,9608164
2018,11,USD,2018,12,100000028,USD,CC-1021,CC,16,9608164
2018,11,USD,2018,12,100000016,USD,CC-1021,CC,16,9608164
2018,11,USD,2019,1,100000000,USD,BX-1012,BX,20,9608164
2018,11,USD,2019,1,100000000,USD,HB-1171,HB,26,9608164
2018,11,USD,2019,1,100000000,USD,MB-1033,MB,31,9608164
2018,11,USD,2019,1,100000035,USD,RC-1054,RC,15,9608164
2018,11,USD,2019,1,100000035,USD,DB-1083,DB,24,9608164
2018,11,USD,2019,1,100000035,USD,CB-1163,CB,36,9608164
2018,11,USD,2019,1,100000035,USD,BX-1015,BX,33,9608164
2018,11,USD,2019,1,100000008,USD,DB-1082,DB,15,9608164
2018,11,USD,2019,1,100000008,USD,MB-1032,MB,20,9608164
2018,11,USD,2019,1,100000008,USD,RC-1055,RC,66,9608164
2018,11,USD,2019,1,100000008,USD,RC-1053,RC,8,9608164
2018,11,USD,2019,1,100000008,USD,EB-1132,EB,32,9608164
2018,11,USD,2019,1,100000008,USD,RO-1002,RO,33,9608164
2018,11,USD,2019,1,100000008,USD,BX-1011,BX,45,9608164
2018,11,USD,2019,1,100000008,USD,HB-1171,HB,26,9608164
2018,11,USD,2019,1,100000008,USD,BX-1013,BX,21,9608164
2018,11,USD,2019,1,100000039,USD,BX-1015,BX,33,9608164
2018,11,USD,2019,1,100000039,USD,CB-1161,CB,5,9608164
2018,11,USD,2019,1,100000039,USD,EB-1133,EB,24,9608164
2018,11,USD,2019,1,100000039,USD,MB-1032,MB,20,9608164
2018,11,USD,2019,1,100000039,USD,HB-1176,HB,24,9608164
2018,11,USD,2018,12,100000021,USD,DB-1081,DB,18,9608164
2018,11,USD,2018,12,100000021,USD,DB-1083,DB,11,9608164
2018,11,USD,2018,12,100000021,USD,CB-1161,CB,40,9608164
2018,11,USD,2018,12,100000021,USD,RC-1056,RC,40,9608164
2018,11,USD,2018,12,100000021,USD,HB-1174,HB,18,9608164
2018,11,USD,2019,1,100000013,USD,RC-1057,RC,26,9608164
2018,11,USD,2019,1,100000013,USD,HB-1175,HB,26,9608164
2018,11,USD,2019,1,100000013,USD,EB-1137,EB,40,9608164
2018,11,USD,2019,1,100000013,USD,EB-1131,EB,13,9608164
2018,11,USD,2019,1,100000013,USD,DB-1081,DB,20,9608164
2018,11,USD,2019,1,100000010,USD,RC-1052,RC,40,9608164
2018,11,USD,2019,1,100000010,USD,RO-1002,RO,33,9608164
2018,11,USD,2019,1,100000010,USD,EB-1137,EB,40,9608164
2018,11,USD,2019,1,100000010,USD,HB-1174,HB,15,9608164
2018,11,USD,2019,1,100000030,USD,CC-1021,CC,30,9608164
2018,11,USD,2019,1,100000030,USD,RC-1051,RC,22,9608164
2018,11,USD,2019,1,100000030,USD,EB-1132,EB,32,9608164
2018,11,USD,2019,1,100000030,USD,HB-1174,HB,15,9608164
2018,11,USD,2019,1,100000030,USD,BX-1014,BX,27,9608164
2018,11,USD,2019,1,100000030,USD,EB-1133,EB,24,9608164
2018,11,USD,2019,1,100000030,USD,HB-1176,HB,24,9608164
2018,11,USD,2019,1,100000038,USD,EB-1131,EB,13,9608164
2018,11,USD,2019,1,100000038,USD,BX-1011,BX,45,9608164
2018,11,USD,2019,1,100000038,USD,DB-1081,DB,20,9608164
2018,11,USD,2019,1,100000038,USD,HB-1172,HB,20,9608164
2018,11,USD,2019,1,100000038,USD,EB-1137,EB,40,9608164
2018,11,USD,2019,1,100000038,USD,HB-1175,HB,26,9608164
2018,11,USD,2019,1,100000020,USD,RO-1003,RO,50,9608164
2018,11,USD,2019,1,100000020,USD,EB-1136,EB,47,9608164
2018,11,USD,2019,1,100000020,USD,DB-1083,DB,24,9608164
2018,11,USD,2019,1,100000020,USD,BX-1011,BX,45,9608164
2018,11,USD,2019,1,100000020,USD,HB-1172,HB,20,9608164
2018,11,USD,2019,1,100000020,USD,RO-1001,RO,23,9608164
2018,11,USD,2019,1,100000020,USD,RC-1051,RC,22,9608164
2018,11,USD,2019,1,100000034,USD,EB-1135,EB,10,9608164
2018,11,USD,2019,1,100000034,USD,BX-1015,BX,33,9608164
2018,11,USD,2019,1,100000034,USD,EB-1137,EB,40,9608164
2018,11,USD,2019,1,100000034,USD,CB-1163,CB,36,9608164
2018,11,USD,2019,1,100000034,USD,BX-1016,BX,26,9608164
2018,11,USD,2019,1,100000034,USD,RC-1055,RC,66,9608164
2018,11,USD,2019,1,100000023,USD,RO-1001,RO,23,9608164
2018,11,USD,2019,1,100000023,USD,BX-1011,BX,45,9608164
2018,11,USD,2019,1,100000023,USD,BX-1016,BX,26,9608164
2018,11,USD,2019,1,100000023,USD,HB-1172,HB,20,9608164
2018,11,USD,2019,1,100000023,USD,EB-1132,EB,32,9608164
2018,11,USD,2019,1,100000023,USD,MB-1032,MB,20,9608164
2018,11,USD,2019,1,100000023,USD,CB-1162,CB,5,9608164
2018,11,USD,2019,1,100000023,USD,RO-1002,RO,33,9608164
2018,12,USD,2019,1,100000013,USD,HB-1176,HB,24,9108056
2018,12,USD,2019,1,100000013,USD,EB-1132,EB,32,9108056
2018,12,USD,2019,1,100000013,USD,RC-1052,RC,40,9108056
2018,12,USD,2019,1,100000013,USD,RC-1054,RC,15,9108056
2018,12,USD,2019,2,100000004,USD,CC-1023,CC,28,9108056
2018,12,USD,2019,2,100000004,USD,RC-1057,RC,11,9108056
2018,12,USD,2019,2,100000004,USD,HB-1174,HB,40,9108056
2018,12,USD,2019,2,100000004,USD,CB-1163,CB,7,9108056
2018,12,USD,2019,2,100000004,USD,MB-1034,MB,12,9108056
2018,12,USD,2019,2,100000011,USD,EB-1134,EB,31,9108056
2018,12,USD,2019,2,100000011,USD,MB-1031,MB,10,9108056
2018,12,USD,2019,2,100000011,USD,CC-1021,CC,17,9108056
2018,12,USD,2019,2,100000011,USD,DB-1083,DB,11,9108056
2018,12,USD,2019,2,100000011,USD,CC-1022,CC,15,9108056
2018,12,USD,2019,2,100000011,USD,DB-1081,DB,4,9108056
2018,12,USD,2019,1,100000036,USD,MB-1033,MB,31,9108056
2018,12,USD,2019,1,100000036,USD,RO-1002,RO,33,9108056
2018,12,USD,2019,1,100000036,USD,CB-1163,CB,36,9108056
2018,12,USD,2019,1,100000036,USD,BX-1013,BX,21,9108056
2018,12,USD,2019,1,100000036,USD,HB-1174,HB,15,9108056
2018,12,USD,2019,1,100000036,USD,MB-1032,MB,20,9108056
2018,12,USD,2019,1,100000036,USD,EB-1136,EB,47,9108056
2018,12,USD,2019,1,100000036,USD,HB-1171,HB,26,9108056
2018,12,USD,2019,1,100000036,USD,EB-1134,EB,17,9108056
2018,12,USD,2019,1,100000036,USD,MB-1034,MB,4,9108056
2018,12,USD,2019,1,100000033,USD,EB-1137,EB,40,9108056
2018,12,USD,2019,1,100000033,USD,MB-1033,MB,31,9108056
2018,12,USD,2019,1,100000033,USD,DB-1082,DB,15,9108056
2018,12,USD,2019,1,100000033,USD,BX-1016,BX,26,9108056
2018,12,USD,2019,1,100000033,USD,RO-1002,RO,33,9108056
2018,12,USD,2019,1,100000033,USD,HB-1171,HB,26,9108056
2018,12,USD,2019,1,100000033,USD,BX-1013,BX,21,9108056
2018,12,USD,2019,1,100000033,USD,RC-1056,RC,22,9108056
2018,12,USD,2019,1,100000019,USD,MB-1031,MB,21,9108056
2018,12,USD,2019,1,100000019,USD,HB-1175,HB,26,9108056
2018,12,USD,2019,1,100000019,USD,EB-1135,EB,10,9108056
2018,12,USD,2019,1,100000019,USD,EB-1136,EB,47,9108056
2018,12,USD,2019,1,100000022,USD,MB-1031,MB,21,9108056
2018,12,USD,2019,1,100000022,USD,RC-1057,RC,26,9108056
2018,12,USD,2019,1,100000022,USD,EB-1134,EB,17,9108056
2018,12,USD,2019,1,100000022,USD,RC-1051,RC,22,9108056
2018,12,USD,2019,1,100000022,USD,CC-1023,CC,11,9108056
2018,12,USD,2019,1,100000022,USD,DB-1083,DB,24,9108056
2018,12,USD,2019,1,100000001,USD,BX-1015,BX,33,9108056
2018,12,USD,2019,1,100000001,USD,DB-1081,DB,20,9108056
2018,12,USD,2019,1,100000002,USD,BX-1011,BX,45,9108056
2018,12,USD,2019,1,100000029,USD,DB-1083,DB,24,9108056
2018,12,USD,2019,1,100000029,USD,EB-1133,EB,24,9108056
2018,12,USD,2019,1,100000029,USD,RC-1057,RC,26,9108056
2018,12,USD,2019,1,100000029,USD,RO-1003,RO,50,9108056
2018,12,USD,2019,1,100000029,USD,CC-1023,CC,11,9108056
2018,12,USD,2019,1,100000029,USD,BX-1012,BX,20,9108056
2018,12,USD,2019,1,100000029,USD,MB-1031,MB,21,9108056
2018,12,USD,2019,1,100000029,USD,CC-1021,CC,30,9108056
2018,12,USD,2019,1,100000029,USD,HB-1173,HB,9,9108056
2018,12,USD,2019,1,100000017,USD,EB-1136,EB,47,9108056
2018,12,USD,2019,1,100000017,USD,RO-1003,RO,50,9108056
2018,12,USD,2019,1,100000017,USD,BX-1013,BX,21,9108056
2018,12,USD,2019,1,100000017,USD,MB-1031,MB,21,9108056
2018,12,USD,2019,1,100000017,USD,BX-1012,BX,20,9108056
2018,12,USD,2019,1,100000017,USD,RC-1051,RC,22,9108056
2018,12,USD,2019,1,100000017,USD,RC-1052,RC,40,9108056
2018,12,USD,2019,1,100000017,USD,CC-1023,CC,11,9108056
2018,12,USD,2019,1,100000023,USD,RO-1003,RO,50,9108056
2018,12,USD,2019,1,100000023,USD,RC-1054,RC,15,9108056
2018,12,USD,2019,1,100000023,USD,HB-1173,HB,9,9108056
2018,12,USD,2019,1,100000023,USD,RO-1002,RO,33,9108056
2018,12,USD,2019,1,100000028,USD,BX-1011,BX,45,9108056
2018,12,USD,2019,1,100000028,USD,HB-1171,HB,26,9108056
2018,12,USD,2019,1,100000028,USD,RC-1052,RC,40,9108056
2018,12,USD,2019,1,100000028,USD,BX-1014,BX,27,9108056
2018,12,USD,2019,1,100000028,USD,RO-1003,RO,50,9108056
2018,12,USD,2019,1,100000006,USD,RO-1002,RO,33,9108056
2018,12,USD,2019,1,100000006,USD,RC-1055,RC,66,9108056
2018,12,USD,2019,1,100000006,USD,CB-1163,CB,36,9108056
2018,12,USD,2019,1,100000006,USD,RO-1003,RO,50,9108056
2018,12,USD,2019,1,100000006,USD,BX-1016,BX,26,9108056
2018,12,USD,2019,1,100000006,USD,CC-1021,CC,30,9108056
2018,12,USD,2019,1,100000006,USD,BX-1014,BX,27,9108056
2018,12,USD,2019,1,100000006,USD,EB-1134,EB,17,9108056
2018,12,USD,2019,1,100000006,USD,MB-1033,MB,31,9108056
2018,12,USD,2019,2,100000036,USD,EB-1132,EB,10,9108056
2018,12,USD,2019,2,100000036,USD,HB-1173,HB,22,9108056
2018,12,USD,2019,2,100000036,USD,BX-1013,BX,14,9108056
2018,12,USD,2019,1,100000024,USD,CC-1022,CC,14,9108056
2018,12,USD,2019,2,100000025,USD,HB-1174,HB,40,9108056
2018,12,USD,2019,2,100000025,USD,RC-1055,RC,34,9108056
2018,12,USD,2019,2,100000025,USD,RC-1052,RC,15,9108056
2018,12,USD,2019,2,100000025,USD,DB-1083,DB,11,9108056
2018,12,USD,2019,2,100000025,USD,EB-1132,EB,10,9108056
2018,12,USD,2019,2,100000017,USD,BX-1015,BX,10,9108056
2018,12,USD,2019,2,100000017,USD,HB-1174,HB,40,9108056
2018,12,USD,2019,1,100000017,USD,CC-1021,CC,30,9108056
2018,12,USD,2019,1,100000017,USD,BX-1011,BX,45,9108056
2018,12,USD,2019,1,100000017,USD,HB-1175,HB,26,9108056
2018,12,USD,2019,1,100000017,USD,CC-1022,CC,14,9108056
2018,12,USD,2019,2,100000008,USD,HB-1174,HB,40,9108056
2018,12,USD,2019,2,100000008,USD,HB-1171,HB,19,9108056
2018,12,USD,2019,2,100000008,USD,MB-1032,MB,13,9108056
2018,12,USD,2019,2,100000008,USD,BX-1012,BX,10,9108056
2018,12,USD,2019,2,100000008,USD,HB-1176,HB,10,9108056
2018,12,USD,2019,2,100000008,USD,RC-1055,RC,34,9108056
2018,12,USD,2019,2,100000008,USD,CC-1023,CC,28,9108056
2018,12,USD,2019,2,100000008,USD,HB-1172,HB,10,9108056
2019,1,USD,2019,2,100000037,USD,HB-1173,HB,22,15037947
2019,1,USD,2019,2,100000037,USD,MB-1032,MB,13,15037947
2019,1,USD,2019,2,100000037,USD,BX-1013,BX,14,15037947
2019,1,USD,2019,2,100000037,USD,EB-1135,EB,2,15037947
2019,1,USD,2019,2,100000037,USD,RO-1002,RO,13,15037947
2019,1,USD,2019,2,100000037,USD,CB-1163,CB,7,15037947
2019,1,USD,2019,2,100000037,USD,HB-1174,HB,40,15037947
2019,1,USD,2019,2,100000037,USD,HB-1171,HB,19,15037947
2019,1,USD,2019,2,100000037,USD,CC-1023,CC,28,15037947
2019,1,USD,2019,2,100000019,USD,CB-1161,CB,16,15037947
2019,1,USD,2019,2,100000019,USD,RO-1002,RO,13,15037947
2019,1,USD,2019,2,100000019,USD,HB-1175,HB,4,15037947
2019,1,USD,2019,2,100000019,USD,EB-1134,EB,31,15037947
2019,1,USD,2019,2,100000032,USD,EB-1136,EB,5,15037947
2019,1,USD,2019,2,100000032,USD,CB-1161,CB,16,15037947
2019,1,USD,2019,2,100000032,USD,CB-1163,CB,7,15037947
2019,1,USD,2019,2,100000032,USD,CC-1023,CC,28,15037947
2019,1,USD,2019,2,100000032,USD,HB-1174,HB,40,15037947
2019,1,USD,2019,2,100000032,USD,MB-1031,MB,10,15037947
2019,1,USD,2019,2,100000032,USD,RC-1054,RC,30,15037947
2019,1,USD,2019,2,100000032,USD,RC-1052,RC,15,15037947
2019,1,USD,2019,2,100000037,USD,CC-1021,CC,17,15037947
2019,1,USD,2019,2,100000037,USD,BX-1015,BX,10,15037947
2019,1,USD,2019,2,100000037,USD,BX-1011,BX,9,15037947
2019,1,USD,2019,2,100000037,USD,EB-1137,EB,24,15037947
2019,1,USD,2019,2,100000037,USD,MB-1031,MB,10,15037947
2019,1,USD,2019,2,100000037,USD,EB-1131,EB,18,15037947
2019,1,USD,2019,2,100000037,USD,DB-1082,DB,24,15037947
2019,1,USD,2019,3,100000031,USD,DB-1081,DB,60,15037947
2019,1,USD,2019,3,100000031,USD,CC-1022,CC,43,15037947
2019,1,USD,2019,3,100000031,USD,EB-1135,EB,52,15037947
2019,1,USD,2019,3,100000031,USD,RC-1053,RC,29,15037947
2019,1,USD,2019,3,100000031,USD,RO-1003,RO,31,15037947
2019,1,USD,2019,3,100000031,USD,RO-1001,RO,31,15037947
2019,1,USD,2019,3,100000031,USD,EB-1136,EB,33,15037947
2019,1,USD,2019,3,100000031,USD,BX-1013,BX,88,15037947
2019,1,USD,2019,2,100000035,USD,BX-1012,BX,10,15037947
2019,1,USD,2019,2,100000035,USD,RC-1055,RC,34,15037947
2019,1,USD,2019,2,100000035,USD,RC-1057,RC,11,15037947
2019,1,USD,2019,2,100000035,USD,HB-1173,HB,22,15037947
2019,1,USD,2019,2,100000035,USD,EB-1132,EB,10,15037947
2019,1,USD,2019,3,100000001,USD,DB-1082,DB,22,15037947
2019,1,USD,2019,3,100000001,USD,BX-1012,BX,17,15037947
2019,1,USD,2019,3,100000001,USD,MB-1033,MB,42,15037947
2019,1,USD,2019,3,100000001,USD,HB-1174,HB,27,15037947
2019,1,USD,2019,3,100000001,USD,CB-1163,CB,46,15037947
2019,1,USD,2019,3,100000001,USD,RO-1003,RO,31,15037947
2019,1,USD,2019,3,100000001,USD,RO-1002,RO,41,15037947
2019,1,USD,2019,3,100000001,USD,RC-1054,RC,47,15037947
2019,1,USD,2019,3,100000001,USD,BX-1013,BX,88,15037947
2019,1,USD,2019,3,100000037,USD,BX-1013,BX,88,15037947
2019,1,USD,2019,3,100000037,USD,DB-1081,DB,60,15037947
2019,1,USD,2019,3,100000037,USD,HB-1171,HB,24,15037947
2019,1,USD,2019,3,100000037,USD,EB-1136,EB,33,15037947
2019,1,USD,2019,3,100000037,USD,BX-1016,BX,20,15037947
2019,1,USD,2019,3,100000037,USD,CB-1162,CB,52,15037947
2019,1,USD,2019,3,100000037,USD,RC-1057,RC,19,15037947
2019,1,USD,2019,3,100000037,USD,DB-1082,DB,22,15037947
2019,1,USD,2019,2,100000025,USD,DB-1082,DB,24,15037947
2019,1,USD,2019,2,100000025,USD,EB-1134,EB,31,15037947
2019,1,USD,2019,2,100000025,USD,BX-1015,BX,10,15037947
2019,1,USD,2019,3,100000027,USD,MB-1031,MB,24,15037947
2019,1,USD,2019,3,100000027,USD,MB-1033,MB,42,15037947
2019,1,USD,2019,3,100000027,USD,HB-1174,HB,27,15037947
2019,1,USD,2019,3,100000027,USD,RO-1002,RO,41,15037947
2019,1,USD,2019,3,100000027,USD,RC-1051,RC,30,15037947
2019,1,USD,2019,3,100000027,USD,EB-1131,EB,31,15037947
2019,1,USD,2019,3,100000027,USD,RC-1052,RC,41,15037947
2019,1,USD,2019,3,100000027,USD,DB-1083,DB,27,15037947
2019,1,USD,2019,2,100000037,USD,RC-1055,RC,34,15037947
2019,1,USD,2019,2,100000037,USD,EB-1133,EB,3,15037947
2019,1,USD,2019,2,100000037,USD,EB-1134,EB,31,15037947
2019,1,USD,2019,2,100000037,USD,RC-1054,RC,30,15037947
2019,1,USD,2019,2,100000031,USD,RO-1001,RO,9,15037947
2019,1,USD,2019,2,100000031,USD,RC-1054,RC,30,15037947
2019,1,USD,2019,2,100000031,USD,BX-1012,BX,10,15037947
2019,1,USD,2019,2,100000031,USD,HB-1171,HB,19,15037947
2019,1,USD,2019,2,100000031,USD,HB-1174,HB,40,15037947
2019,1,USD,2019,2,100000031,USD,BX-1014,BX,7,15037947
2019,1,USD,2019,3,100000030,USD,EB-1137,EB,26,15037947
2019,1,USD,2019,3,100000030,USD,RC-1053,RC,29,15037947
2019,1,USD,2019,3,100000030,USD,BX-1013,BX,88,15037947
2019,1,USD,2019,3,100000030,USD,CC-1022,CC,43,15037947
2019,1,USD,2019,3,100000030,USD,BX-1016,BX,20,15037947
2019,1,USD,2019,3,100000030,USD,DB-1083,DB,27,15037947
2019,1,USD,2019,3,100000030,USD,HB-1175,HB,18,15037947
2019,1,USD,2019,3,100000030,USD,CC-1023,CC,57,15037947
2019,1,USD,2019,3,100000029,USD,CC-1022,CC,43,15037947
2019,1,USD,2019,3,100000029,USD,RC-1054,RC,47,15037947
2019,1,USD,2019,3,100000023,USD,CC-1023,CC,57,15037947
2019,1,USD,2019,3,100000023,USD,CC-1022,CC,43,15037947
2019,1,USD,2019,3,100000033,USD,MB-1033,MB,42,15037947
2019,1,USD,2019,3,100000033,USD,EB-1131,EB,31,15037947
2019,1,USD,2019,3,100000006,USD,RO-1002,RO,41,15037947
2019,1,USD,2019,3,100000006,USD,EB-1135,EB,52,15037947
2019,2,USD,2019,3,100000023,USD,CC-1021,CC,22,18514398
2019,2,USD,2019,3,100000023,USD,HB-1172,HB,16,18514398
2019,2,USD,2019,3,100000023,USD,RO-1002,RO,41,18514398
2019,2,USD,2019,3,100000023,USD,BX-1013,BX,88,18514398
2019,2,USD,2019,3,100000023,USD,HB-1173,HB,29,18514398
2019,2,USD,2019,3,100000023,USD,HB-1171,HB,24,18514398
2019,2,USD,2019,3,100000023,USD,EB-1137,EB,26,18514398
2019,2,USD,2019,3,100000023,USD,RC-1056,RC,34,18514398
2019,2,USD,2019,3,100000023,USD,BX-1015,BX,31,18514398
2019,2,USD,2019,3,100000039,USD,RC-1053,RC,29,18514398
2019,2,USD,2019,3,100000039,USD,EB-1136,EB,33,18514398
2019,2,USD,2019,3,100000039,USD,RC-1052,RC,41,18514398
2019,2,USD,2019,3,100000039,USD,CB-1161,CB,37,18514398
2019,2,USD,2019,3,100000039,USD,EB-1131,EB,31,18514398
2019,2,USD,2019,3,100000024,USD,MB-1034,MB,28,18514398
2019,2,USD,2019,3,100000024,USD,EB-1134,EB,21,18514398
2019,2,USD,2019,3,100000006,USD,HB-1172,HB,16,18514398
2019,2,USD,2019,3,100000006,USD,HB-1175,HB,18,18514398
2019,2,USD,2019,3,100000006,USD,BX-1013,BX,88,18514398
2019,2,USD,2019,3,100000006,USD,CB-1162,CB,52,18514398
2019,2,USD,2019,3,100000006,USD,CC-1023,CC,57,18514398
2019,2,USD,2019,3,100000006,USD,CC-1021,CC,22,18514398
2019,2,USD,2019,3,100000006,USD,RC-1053,RC,29,18514398
2019,2,USD,2019,3,100000006,USD,BX-1012,BX,17,18514398
2019,2,USD,2019,3,100000006,USD,EB-1131,EB,31,18514398
2019,2,USD,2019,3,100000010,USD,CB-1162,CB,52,18514398
2019,2,USD,2019,3,100000010,USD,CC-1022,CC,43,18514398
2019,2,USD,2019,3,100000010,USD,BX-1011,BX,18,18514398
2019,2,USD,2019,3,100000010,USD,CB-1161,CB,37,18514398
2019,2,USD,2019,3,100000010,USD,HB-1174,HB,27,18514398
2019,2,USD,2019,3,100000011,USD,BX-1012,BX,17,18514398
2019,2,USD,2019,3,100000036,USD,RC-1051,RC,30,18514398
2019,2,USD,2019,3,100000036,USD,MB-1033,MB,42,18514398
2019,2,USD,2019,3,100000036,USD,RC-1052,RC,41,18514398
2019,2,USD,2019,3,100000036,USD,EB-1136,EB,33,18514398
2019,2,USD,2019,3,100000036,USD,CC-1023,CC,57,18514398
2019,2,USD,2019,3,100000036,USD,DB-1083,DB,27,18514398
2019,2,USD,2019,4,100000013,USD,RC-1053,RC,44,18514398
2019,2,USD,2019,4,100000013,USD,EB-1136,EB,48,18514398
2019,2,USD,2019,4,100000013,USD,EB-1134,EB,46,18514398
2019,2,USD,2019,4,100000013,USD,MB-1032,MB,35,18514398
2019,2,USD,2019,4,100000013,USD,MB-1034,MB,49,18514398
2019,2,USD,2019,4,100000013,USD,MB-1033,MB,49,18514398
2019,2,USD,2019,3,100000035,USD,RO-1001,RO,31,18514398
2019,2,USD,2019,3,100000035,USD,BX-1014,BX,24,18514398
2019,2,USD,2019,3,100000035,USD,BX-1015,BX,31,18514398
2019,2,USD,2019,3,100000009,USD,CB-1162,CB,52,18514398
2019,2,USD,2019,3,100000009,USD,BX-1014,BX,24,18514398
2019,2,USD,2019,3,100000009,USD,CC-1023,CC,57,18514398
2019,2,USD,2019,3,100000009,USD,HB-1176,HB,22,18514398
2019,2,USD,2019,4,100000035,USD,HB-1171,HB,26,18514398
2019,2,USD,2019,4,100000035,USD,RC-1051,RC,1,18514398
2019,2,USD,2019,4,100000035,USD,DB-1083,DB,46,18514398
2019,2,USD,2019,4,100000035,USD,RC-1054,RC,41,18514398
2019,2,USD,2019,4,100000035,USD,BX-1013,BX,69,18514398
2019,2,USD,2019,4,100000035,USD,DB-1081,DB,35,18514398
2019,2,USD,2019,4,100000035,USD,MB-1033,MB,49,18514398
2019,2,USD,2019,4,100000035,USD,RO-1003,RO,30,18514398
2019,2,USD,2019,4,100000025,USD,MB-1034,MB,49,18514398
2019,2,USD,2019,4,100000025,USD,BX-1014,BX,18,18514398
2019,2,USD,2019,4,100000025,USD,CB-1163,CB,65,18514398
2019,2,USD,2019,4,100000025,USD,RC-1052,RC,43,18514398
2019,2,USD,2019,4,100000025,USD,RC-1056,RC,74,18514398
2019,2,USD,2019,4,100000025,USD,MB-1033,MB,49,18514398
2019,2,USD,2019,4,100000025,USD,BX-1011,BX,24,18514398
2019,2,USD,2019,4,100000025,USD,EB-1134,EB,46,18514398
2019,2,USD,2019,4,100000025,USD,EB-1135,EB,14,18514398
2019,2,USD,2019,4,100000019,USD,RC-1052,RC,43,18514398
2019,2,USD,2019,4,100000019,USD,HB-1175,HB,26,18514398
2019,2,USD,2019,4,100000019,USD,HB-1172,HB,21,18514398
2019,2,USD,2019,4,100000019,USD,RC-1057,RC,34,18514398
2019,2,USD,2019,4,100000019,USD,EB-1135,EB,14,18514398
2019,2,USD,2019,4,100000019,USD,HB-1176,HB,40,18514398
2019,2,USD,2019,4,100000019,USD,EB-1132,EB,45,18514398
2019,2,USD,2019,4,100000019,USD,RC-1053,RC,44,18514398
2019,2,USD,2019,4,100000019,USD,RC-1054,RC,41,18514398
2019,2,USD,2019,4,100000019,USD,HB-1173,HB,38,18514398
2019,2,USD,2019,4,100000013,USD,RC-1057,RC,34,18514398
2019,2,USD,2019,4,100000013,USD,DB-1083,DB,46,18514398
2019,2,USD,2019,4,100000013,USD,BX-1012,BX,40,18514398
2019,2,USD,2019,4,100000013,USD,CC-1023,CC,61,18514398
2019,2,USD,2019,3,100000013,USD,RC-1054,RC,47,18514398
2019,2,USD,2019,3,100000019,USD,BX-1015,BX,31,18514398
2019,2,USD,2019,3,100000019,USD,BX-1013,BX,88,18514398
2019,2,USD,2019,3,100000019,USD,CB-1163,CB,46,18514398
2019,2,USD,2019,3,100000019,USD,CC-1022,CC,43,18514398
2019,2,USD,2019,3,100000019,USD,EB-1135,EB,52,18514398
2019,2,USD,2019,3,100000019,USD,RC-1052,RC,41,18514398
2019,2,USD,2019,3,100000019,USD,EB-1132,EB,23,18514398
2019,2,USD,2019,3,100000019,USD,CB-1162,CB,52,18514398
2019,2,USD,2019,4,100000002,USD,CB-1163,CB,65,18514398
2019,2,USD,2019,4,100000002,USD,MB-1033,MB,49,18514398
2019,2,USD,2019,4,100000002,USD,RO-1001,RO,18,18514398
2019,2,USD,2019,4,100000002,USD,EB-1137,EB,43,18514398
2019,2,USD,2019,4,100000002,USD,DB-1081,DB,35,18514398
2019,2,USD,2019,4,100000002,USD,HB-1173,HB,38,18514398
2019,2,USD,2019,4,100000002,USD,EB-1136,EB,48,18514398
2019,2,USD,2019,4,100000002,USD,EB-1134,EB,46,18514398
2019,2,USD,2019,4,100000001,USD,RC-1054,RC,41,18514398
2019,3,USD,2019,4,100000018,USD,RC-1053,RC,44,12386953
2019,3,USD,2019,4,100000018,USD,HB-1176,HB,40,12386953
2019,3,USD,2019,4,100000018,USD,MB-1034,MB,49,12386953
2019,3,USD,2019,3,100000019,USD,RC-1052,RC,41,12386953
2019,3,USD,2019,3,100000019,USD,RO-1002,RO,41,12386953
2019,3,USD,2019,3,100000019,USD,CB-1163,CB,46,12386953
2019,3,USD,2019,3,100000019,USD,DB-1082,DB,22,12386953
2019,3,USD,2019,3,100000019,USD,DB-1081,DB,60,12386953
2019,3,USD,2019,3,100000019,USD,EB-1135,EB,52,12386953
2019,3,USD,2019,3,100000019,USD,MB-1031,MB,24,12386953
2019,3,USD,2019,3,100000019,USD,HB-1175,HB,18,12386953
2019,3,USD,2019,4,100000026,USD,CC-1022,CC,24,12386953
2019,3,USD,2019,4,100000026,USD,CC-1021,CC,7,12386953
2019,3,USD,2019,4,100000026,USD,RC-1052,RC,43,12386953
2019,3,USD,2019,4,100000026,USD,RC-1056,RC,74,12386953
2019,3,USD,2019,4,100000026,USD,EB-1136,EB,48,12386953
2019,3,USD,2019,4,100000026,USD,RC-1055,RC,56,12386953
2019,3,USD,2019,4,100000013,USD,CC-1023,CC,61,12386953
2019,3,USD,2019,4,100000013,USD,RC-1055,RC,56,12386953
2019,3,USD,2019,4,100000013,USD,EB-1137,EB,43,12386953
2019,3,USD,2019,4,100000013,USD,MB-1032,MB,35,12386953
2019,3,USD,2019,4,100000013,USD,EB-1133,EB,17,12386953
2019,3,USD,2019,4,100000013,USD,DB-1081,DB,35,12386953
2019,3,USD,2019,4,100000013,USD,CB-1162,CB,24,12386953
2019,3,USD,2019,4,100000022,USD,BX-1012,BX,40,12386953
2019,3,USD,2019,4,100000022,USD,CB-1161,CB,45,12386953
2019,3,USD,2019,4,100000020,USD,EB-1137,EB,43,12386953
2019,3,USD,2019,4,100000020,USD,RO-1002,RO,28,12386953
2019,3,USD,2019,4,100000020,USD,BX-1013,BX,69,12386953
2019,3,USD,2019,4,100000020,USD,MB-1033,MB,49,12386953
2019,3,USD,2019,4,100000020,USD,DB-1083,DB,46,12386953
2019,3,USD,2019,4,100000020,USD,RC-1054,RC,41,12386953
2019,3,USD,2019,4,100000020,USD,HB-1173,HB,38,12386953
2019,3,USD,2019,4,100000020,USD,CB-1163,CB,65,12386953
2019,3,USD,2019,4,100000020,USD,CC-1023,CC,61,12386953
2019,3,USD,2019,4,100000020,USD,CB-1161,CB,45,12386953
2019,3,USD,2019,4,100000032,USD,EB-1136,EB,48,12386953
2019,3,USD,2019,4,100000032,USD,RC-1056,RC,74,12386953
2019,3,USD,2019,4,100000032,USD,RC-1054,RC,41,12386953
2019,3,USD,2019,4,100000032,USD,BX-1011,BX,24,12386953
2019,3,USD,2019,4,100000032,USD,MB-1032,MB,35,12386953
2019,3,USD,2019,4,100000032,USD,EB-1137,EB,43,12386953
2019,3,USD,2019,4,100000030,USD,RO-1003,RO,30,12386953
2019,3,USD,2019,4,100000030,USD,BX-1016,BX,13,12386953
2019,3,USD,2019,4,100000030,USD,CB-1163,CB,65,12386953
2019,3,USD,2019,4,100000030,USD,EB-1136,EB,48,12386953
2019,3,USD,2019,4,100000030,USD,HB-1176,HB,40,12386953
2019,3,USD,2019,4,100000030,USD,EB-1132,EB,45,12386953
2019,3,USD,2019,4,100000030,USD,RC-1053,RC,44,12386953
2019,3,USD,2019,5,100000016,USD,BX-1016,BX,42,12386953
2019,3,USD,2019,5,100000016,USD,EB-1132,EB,20,12386953
2019,3,USD,2019,5,100000016,USD,RO-1003,RO,30,12386953
2019,3,USD,2019,5,100000016,USD,CB-1161,CB,56,12386953
2019,3,USD,2019,5,100000016,USD,EB-1133,EB,43,12386953
2019,3,USD,2019,4,100000024,USD,MB-1031,MB,23,12386953
2019,3,USD,2019,4,100000024,USD,EB-1134,EB,46,12386953
2019,3,USD,2019,4,100000024,USD,BX-1013,BX,69,12386953
2019,3,USD,2019,4,100000024,USD,MB-1033,MB,49,12386953
2019,3,USD,2019,4,100000024,USD,BX-1016,BX,13,12386953
2019,3,USD,2019,4,100000024,USD,EB-1132,EB,45,12386953
2019,3,USD,2019,4,100000024,USD,RC-1057,RC,34,12386953
2019,3,USD,2019,4,100000024,USD,CC-1023,CC,61,12386953
2019,3,USD,2019,4,100000024,USD,RC-1055,RC,56,12386953
2019,3,USD,2019,4,100000009,USD,CB-1162,CB,24,12386953
2019,3,USD,2019,4,100000009,USD,RC-1053,RC,44,12386953
2019,3,USD,2019,4,100000009,USD,HB-1176,HB,40,12386953
2019,3,USD,2019,4,100000013,USD,EB-1132,EB,45,12386953
2019,3,USD,2019,4,100000013,USD,RO-1003,RO,30,12386953
2019,3,USD,2019,4,100000013,USD,BX-1013,BX,69,12386953
2019,3,USD,2019,4,100000033,USD,RO-1003,RO,30,12386953
2019,3,USD,2019,4,100000033,USD,RO-1001,RO,18,12386953
2019,3,USD,2019,4,100000033,USD,RC-1057,RC,34,12386953
2019,4,USD,2019,4,100000038,USD,EB-1134,EB,46,17794482
2019,4,USD,2019,4,100000038,USD,HB-1173,HB,38,17794482
2019,4,USD,2019,4,100000038,USD,EB-1137,EB,43,17794482
2019,4,USD,2019,4,100000038,USD,CB-1161,CB,45,17794482
2019,4,USD,2019,4,100000038,USD,HB-1175,HB,26,17794482
2019,4,USD,2019,4,100000038,USD,BX-1012,BX,40,17794482
2019,4,USD,2019,4,100000033,USD,MB-1032,MB,35,17794482
2019,4,USD,2019,4,100000033,USD,RC-1055,RC,56,17794482
2019,4,USD,2019,4,100000033,USD,CB-1163,CB,65,17794482
2019,4,USD,2019,4,100000033,USD,BX-1013,BX,69,17794482
2019,4,USD,2019,4,100000033,USD,MB-1034,MB,49,17794482
2019,4,USD,2019,4,100000033,USD,DB-1081,DB,35,17794482
2019,4,USD,2019,4,100000033,USD,HB-1174,HB,13,17794482
2019,4,USD,2019,4,100000033,USD,CB-1161,CB,45,17794482
2019,4,USD,2019,4,100000033,USD,RC-1054,RC,41,17794482
2019,4,USD,2019,4,100000023,USD,EB-1137,EB,43,17794482
2019,4,USD,2019,4,100000023,USD,CB-1163,CB,65,17794482
2019,4,USD,2019,4,100000023,USD,CC-1023,CC,61,17794482
2019,4,USD,2019,4,100000023,USD,BX-1015,BX,21,17794482
2019,4,USD,2019,4,100000023,USD,EB-1136,EB,48,17794482
2019,4,USD,2019,4,100000023,USD,HB-1171,HB,26,17794482
2019,4,USD,2019,4,100000033,USD,RO-1002,RO,28,17794482
2019,4,USD,2019,4,100000004,USD,DB-1082,DB,11,17794482
2019,4,USD,2019,4,100000004,USD,HB-1175,HB,26,17794482
2019,4,USD,2019,4,100000004,USD,EB-1134,EB,46,17794482
2019,4,USD,2019,4,100000004,USD,CB-1163,CB,65,17794482
2019,4,USD,2019,4,100000004,USD,BX-1015,BX,21,17794482
2019,4,USD,2019,4,100000004,USD,HB-1176,HB,40,17794482
2019,4,USD,2019,4,100000004,USD,RC-1057,RC,34,17794482
2019,4,USD,2019,5,100000027,USD,RO-1002,RO,24,17794482
2019,4,USD,2019,5,100000027,USD,MB-1034,MB,16,17794482
2019,4,USD,2019,5,100000027,USD,EB-1134,EB,44,17794482
2019,4,USD,2019,5,100000027,USD,RC-1054,RC,24,17794482
2019,4,USD,2019,4,100000032,USD,MB-1031,MB,23,17794482
2019,4,USD,2019,4,100000032,USD,BX-1013,BX,69,17794482
2019,4,USD,2019,5,100000024,USD,CC-1022,CC,28,17794482
2019,4,USD,2019,5,100000024,USD,BX-1015,BX,57,17794482
2019,4,USD,2019,5,100000024,USD,MB-1033,MB,35,17794482
2019,4,USD,2019,5,100000024,USD,HB-1176,HB,12,17794482
2019,4,USD,2019,5,100000024,USD,HB-1175,HB,23,17794482
2019,4,USD,2019,5,100000024,USD,CB-1163,CB,57,17794482
2019,4,USD,2019,5,100000024,USD,HB-1173,HB,41,17794482
2019,4,USD,2019,5,100000024,USD,EB-1137,EB,16,17794482
2019,4,USD,2019,4,100000025,USD,MB-1034,MB,49,17794482
2019,4,USD,2019,4,100000025,USD,HB-1176,HB,40,17794482
2019,4,USD,2019,5,100000008,USD,BX-1012,BX,24,17794482
2019,4,USD,2019,5,100000008,USD,CC-1022,CC,28,17794482
2019,4,USD,2019,5,100000008,USD,BX-1011,BX,30,17794482
2019,4,USD,2019,5,100000005,USD,CC-1021,CC,33,17794482
2019,4,USD,2019,5,100000005,USD,EB-1136,EB,27,17794482
2019,4,USD,2019,5,100000005,USD,RC-1055,RC,180,17794482
2019,4,USD,2019,5,100000005,USD,EB-1133,EB,43,17794482
2019,4,USD,2019,5,100000005,USD,DB-1083,DB,74,17794482
2019,4,USD,2019,5,100000005,USD,CC-1023,CC,22,17794482
2019,4,USD,2019,5,100000005,USD,BX-1013,BX,30,17794482
2019,4,USD,2019,5,100000005,USD,MB-1033,MB,35,17794482
2019,4,USD,2019,5,100000006,USD,EB-1136,EB,27,17794482
2019,4,USD,2019,5,100000006,USD,DB-1083,DB,74,17794482
2019,4,USD,2019,5,100000006,USD,BX-1014,BX,24,17794482
2019,4,USD,2019,5,100000006,USD,MB-1033,MB,35,17794482
2019,4,USD,2019,5,100000006,USD,CB-1162,CB,10,17794482
2019,4,USD,2019,5,100000006,USD,CC-1021,CC,33,17794482
2019,4,USD,2019,5,100000006,USD,HB-1173,HB,41,17794482
2019,4,USD,2019,5,100000006,USD,HB-1172,HB,24,17794482
2019,4,USD,2019,5,100000032,USD,DB-1083,DB,74,17794482
2019,4,USD,2019,5,100000032,USD,RO-1003,RO,30,17794482
2019,4,USD,2019,5,100000032,USD,BX-1013,BX,30,17794482
2019,4,USD,2019,5,100000004,USD,MB-1031,MB,16,17794482
2019,4,USD,2019,5,100000004,USD,EB-1135,EB,52,17794482
2019,4,USD,2019,5,100000004,USD,BX-1014,BX,24,17794482
2019,4,USD,2019,5,100000004,USD,RC-1053,RC,17,17794482
2019,4,USD,2019,5,100000004,USD,RO-1001,RO,7,17794482
2019,4,USD,2019,5,100000004,USD,RC-1055,RC,180,17794482
2019,4,USD,2019,5,100000004,USD,RC-1052,RC,31,17794482
2019,4,USD,2019,5,100000004,USD,CB-1161,CB,56,17794482
2019,4,USD,2019,5,100000006,USD,HB-1171,HB,9,17794482
2019,4,USD,2019,5,100000006,USD,BX-1015,BX,57,17794482
2019,4,USD,2019,5,100000006,USD,CB-1163,CB,57,17794482
2019,4,USD,2019,5,100000006,USD,RC-1057,RC,36,17794482
2019,4,USD,2019,5,100000006,USD,EB-1135,EB,52,17794482
2019,4,USD,2019,5,100000006,USD,RC-1051,RC,13,17794482
2019,4,USD,2019,5,100000011,USD,BX-1015,BX,57,17794482
2019,4,USD,2019,5,100000011,USD,BX-1014,BX,24,17794482
2019,4,USD,2019,5,100000011,USD,EB-1134,EB,44,17794482
2019,4,USD,2019,5,100000011,USD,DB-1083,DB,74,17794482
2019,4,USD,2019,5,100000039,USD,RC-1055,RC,180,17794482
2019,4,USD,2019,5,100000039,USD,BX-1012,BX,24,17794482
2019,4,USD,2019,5,100000039,USD,RC-1052,RC,31,17794482
2019,4,USD,2019,5,100000039,USD,CC-1021,CC,33,17794482
2019,4,USD,2019,5,100000039,USD,RC-1054,RC,24,17794482
2019,5,USD,2019,5,100000003,USD,EB-1131,EB,39,17574993
2019,5,USD,2019,5,100000003,USD,EB-1135,EB,52,17574993
2019,5,USD,2019,5,100000003,USD,BX-1015,BX,57,17574993
2019,5,USD,2019,5,100000003,USD,BX-1011,BX,30,17574993
2019,5,USD,2019,5,100000003,USD,DB-1083,DB,74,17574993
2019,5,USD,2019,5,100000003,USD,HB-1175,HB,23,17574993
2019,5,USD,2019,5,100000003,USD,CC-1023,CC,22,17574993
2019,5,USD,2019,5,100000003,USD,MB-1034,MB,16,17574993
2019,5,USD,2019,5,100000003,USD,CB-1162,CB,10,17574993
2019,5,USD,2019,5,100000028,USD,CC-1022,CC,28,17574993
2019,5,USD,2019,5,100000028,USD,EB-1131,EB,39,17574993
2019,5,USD,2019,5,100000028,USD,BX-1013,BX,30,17574993
2019,5,USD,2019,5,100000019,USD,RC-1055,RC,180,17574993
2019,5,USD,2019,5,100000019,USD,RC-1056,RC,34,17574993
2019,5,USD,2019,5,100000019,USD,EB-1134,EB,44,17574993
2019,5,USD,2019,5,100000019,USD,RC-1057,RC,36,17574993
2019,5,USD,2019,5,100000019,USD,HB-1171,HB,9,17574993
2019,5,USD,2019,5,100000004,USD,MB-1031,MB,16,17574993
2019,5,USD,2019,5,100000004,USD,EB-1135,EB,52,17574993
2019,5,USD,2019,5,100000004,USD,RC-1055,RC,180,17574993
2019,5,USD,2019,5,100000004,USD,HB-1173,HB,41,17574993
2019,5,USD,2019,5,100000004,USD,RC-1052,RC,31,17574993
2019,5,USD,2019,5,100000004,USD,RC-1054,RC,24,17574993
2019,5,USD,2019,5,100000004,USD,EB-1131,EB,39,17574993
2019,5,USD,2019,5,100000004,USD,MB-1033,MB,35,17574993
2019,5,USD,2019,6,100000013,USD,BX-1012,BX,36,17574993
2019,5,USD,2019,6,100000013,USD,BX-1016,BX,22,17574993
2019,5,USD,2019,6,100000013,USD,EB-1133,EB,15,17574993
2019,5,USD,2019,5,100000037,USD,MB-1032,MB,19,17574993
2019,5,USD,2019,5,100000037,USD,HB-1173,HB,41,17574993
2019,5,USD,2019,5,100000037,USD,BX-1013,BX,30,17574993
2019,5,USD,2019,5,100000037,USD,EB-1131,EB,39,17574993
2019,5,USD,2019,5,100000037,USD,CB-1163,CB,57,17574993
2019,5,USD,2019,5,100000037,USD,EB-1134,EB,44,17574993
2019,5,USD,2019,5,100000037,USD,DB-1083,DB,74,17574993
2019,5,USD,2019,5,100000037,USD,BX-1016,BX,42,17574993
2019,5,USD,2019,5,100000037,USD,CC-1023,CC,22,17574993
2019,5,USD,2019,5,100000037,USD,CC-1022,CC,28,17574993
2019,5,USD,2019,5,100000002,USD,RC-1057,RC,36,17574993
2019,5,USD,2019,5,100000002,USD,CC-1021,CC,33,17574993
2019,5,USD,2019,5,100000002,USD,RC-1056,RC,34,17574993
2019,5,USD,2019,5,100000033,USD,BX-1016,BX,42,17574993
2019,5,USD,2019,5,100000033,USD,RC-1052,RC,31,17574993
2019,5,USD,2019,5,100000033,USD,EB-1134,EB,44,17574993
2019,5,USD,2019,5,100000033,USD,RC-1056,RC,34,17574993
2019,5,USD,2019,5,100000033,USD,DB-1082,DB,17,17574993
2019,5,USD,2019,5,100000033,USD,RO-1002,RO,24,17574993
2019,5,USD,2019,5,100000033,USD,RC-1057,RC,36,17574993
2019,5,USD,2019,5,100000033,USD,CC-1021,CC,33,17574993
2019,5,USD,2019,5,100000033,USD,BX-1013,BX,30,17574993
2019,5,USD,2019,6,100000030,USD,MB-1033,MB,23,17574993
2019,5,USD,2019,6,100000030,USD,BX-1011,BX,36,17574993
2019,5,USD,2019,6,100000030,USD,EB-1137,EB,35,17574993
2019,5,USD,2019,6,100000030,USD,RC-1052,RC,27,17574993
2019,5,USD,2019,6,100000030,USD,RC-1057,RC,34,17574993
2019,5,USD,2019,6,100000030,USD,EB-1132,EB,31,17574993
2019,5,USD,2019,5,100000035,USD,RO-1002,RO,24,17574993
2019,5,USD,2019,5,100000035,USD,EB-1132,EB,20,17574993
2019,5,USD,2019,5,100000035,USD,RC-1052,RC,31,17574993
2019,5,USD,2019,5,100000035,USD,MB-1034,MB,16,17574993
2019,5,USD,2019,5,100000035,USD,EB-1137,EB,16,17574993
2019,5,USD,2019,5,100000002,USD,CC-1022,CC,28,17574993
2019,5,USD,2019,5,100000002,USD,DB-1083,DB,74,17574993
2019,5,USD,2019,5,100000002,USD,EB-1137,EB,16,17574993
2019,5,USD,0,0,100000001,USD,RC-1055,RC,28,17574993
2019,5,USD,0,0,100000001,USD,MB-1034,MB,9,17574993
2019,5,USD,0,0,100000001,USD,CB-1163,CB,14,17574993
2019,5,USD,0,0,100000001,USD,CC-1023,CC,15,17574993
2019,5,USD,0,0,100000001,USD,MB-1033,MB,9,17574993
2019,5,USD,0,0,100000001,USD,EB-1137,EB,8,17574993
2019,5,USD,0,0,100000001,USD,RO-1003,RO,2,17574993
2019,5,USD,2019,6,100000021,USD,EB-1136,EB,46,17574993
2019,5,USD,2019,6,100000021,USD,RC-1051,RC,8,17574993
2019,5,USD,2019,6,100000021,USD,HB-1172,HB,34,17574993
2019,5,USD,2019,6,100000021,USD,EB-1131,EB,18,17574993
2019,5,USD,2019,6,100000021,USD,MB-1031,MB,51,17574993
2019,5,USD,2019,6,100000021,USD,BX-1016,BX,22,17574993
2019,5,USD,2019,6,100000004,USD,EB-1132,EB,31,17574993
2019,5,USD,2019,6,100000004,USD,RC-1054,RC,24,17574993
2019,5,USD,2019,5,100000016,USD,DB-1082,DB,17,17574993
2019,5,USD,2019,5,100000016,USD,CC-1023,CC,22,17574993
2019,5,USD,2019,5,100000016,USD,EB-1131,EB,39,17574993
2019,5,USD,2019,5,100000016,USD,CC-1022,CC,28,17574993
2019,5,USD,2019,5,100000016,USD,EB-1133,EB,43,17574993
2019,5,USD,2019,6,100000008,USD,MB-1031,MB,51,17574993
2019,5,USD,2019,6,100000008,USD,HB-1175,HB,42,17574993
2019,5,USD,2019,6,100000008,USD,RC-1052,RC,27,17574993
2019,5,USD,2019,6,100000008,USD,DB-1082,DB,14,17574993
2019,5,USD,2019,6,100000008,USD,BX-1012,BX,36,17574993
2019,5,USD,2019,6,100000011,USD,HB-1171,HB,41,17574993
2019,5,USD,2019,6,100000011,USD,CB-1162,CB,25,17574993
2019,5,USD,2019,6,100000011,USD,HB-1176,HB,29,17574993
2019,5,USD,2019,6,100000011,USD,MB-1031,MB,51,17574993
2019,5,USD,2019,6,100000011,USD,HB-1172,HB,34,17574993
2019,5,USD,2019,6,100000011,USD,CC-1023,CC,65,17574993
2019,5,USD,2019,6,100000011,USD,RC-1056,RC,46,17574993
2019,5,USD,2019,6,100000011,USD,BX-1011,BX,36,17574993
2019,5,USD,2019,6,100000011,USD,CC-1022,CC,34,17574993
2019,5,USD,2019,6,100000011,USD,EB-1134,EB,38,17574993
2019,5,USD,2019,6,100000039,USD,MB-1031,MB,51,17574993
2019,5,USD,2019,6,100000039,USD,CC-1022,CC,34,17574993
2019,5,USD,2019,6,100000039,USD,BX-1013,BX,54,17574993
2019,5,USD,2019,6,100000039,USD,DB-1083,DB,23,17574993
2019,5,USD,2019,6,100000039,USD,CB-1162,CB,25,17574993
2019,5,USD,2019,6,100000039,USD,CC-1023,CC,65,17574993
2019,5,USD,2019,6,100000039,USD,MB-1032,MB,45,17574993
2019,5,USD,2019,6,100000024,USD,HB-1172,HB,34,17574993
2019,5,USD,2019,6,100000024,USD,RC-1057,RC,34,17574993
2019,5,USD,2019,6,100000024,USD,EB-1134,EB,38,17574993
2019,5,USD,2019,6,100000024,USD,RC-1055,RC,32,17574993
2019,6,USD,2019,6,100000029,USD,CB-1163,CB,45,12905994
2019,6,USD,2019,6,100000031,USD,BX-1011,BX,36,12905994
2019,6,USD,2019,6,100000031,USD,EB-1132,EB,31,12905994
2019,6,USD,2019,6,100000022,USD,DB-1083,DB,23,12905994
2019,6,USD,2019,6,100000022,USD,EB-1134,EB,38,12905994
2019,6,USD,2019,6,100000022,USD,HB-1175,HB,42,12905994
2019,6,USD,2019,6,100000022,USD,RC-1053,RC,31,12905994
2019,6,USD,2019,6,100000022,USD,DB-1081,DB,27,12905994
2019,6,USD,2019,6,100000022,USD,HB-1171,HB,41,12905994
2019,6,USD,2019,6,100000024,USD,RC-1054,RC,24,12905994
2019,6,USD,2019,6,100000024,USD,RC-1056,RC,46,12905994
2019,6,USD,2019,6,100000024,USD,MB-1031,MB,51,12905994
2019,6,USD,2019,6,100000013,USD,DB-1083,DB,23,12905994
2019,6,USD,2019,6,100000013,USD,BX-1016,BX,22,12905994
2019,6,USD,2019,6,100000013,USD,BX-1013,BX,54,12905994
2019,6,USD,2019,6,100000013,USD,RO-1001,RO,6,12905994
2019,6,USD,2019,6,100000013,USD,CC-1023,CC,65,12905994
2019,6,USD,2019,6,100000013,USD,CB-1161,CB,10,12905994
2019,6,USD,2019,6,100000013,USD,RO-1002,RO,26,12905994
2019,6,USD,2019,6,100000005,USD,CC-1022,CC,34,12905994
2019,6,USD,2019,6,100000005,USD,DB-1081,DB,27,12905994
2019,6,USD,2019,6,100000005,USD,HB-1172,HB,34,12905994
2019,6,USD,2019,6,100000005,USD,EB-1136,EB,46,12905994
2019,6,USD,2019,6,100000005,USD,CC-1021,CC,9,12905994
2019,6,USD,2019,6,100000005,USD,DB-1083,DB,23,12905994
2019,6,USD,2019,6,100000005,USD,BX-1016,BX,22,12905994
2019,6,USD,2019,6,100000005,USD,BX-1012,BX,36,12905994
2019,6,USD,2019,6,100000005,USD,RC-1057,RC,34,12905994
2019,6,USD,2019,6,100000036,USD,EB-1131,EB,18,12905994
2019,6,USD,2019,6,100000036,USD,MB-1032,MB,45,12905994
2019,6,USD,2019,6,100000036,USD,BX-1013,BX,54,12905994
2019,6,USD,2019,6,100000036,USD,CB-1163,CB,45,12905994
2019,6,USD,2019,6,100000036,USD,HB-1173,HB,25,12905994
2019,6,USD,2019,6,100000036,USD,HB-1172,HB,34,12905994
2019,6,USD,2019,6,100000036,USD,HB-1174,HB,41,12905994
2019,6,USD,2019,6,100000036,USD,CC-1023,CC,65,12905994
2019,6,USD,2019,6,100000036,USD,HB-1171,HB,41,12905994
2019,6,USD,2019,6,100000037,USD,EB-1132,EB,31,12905994
2019,6,USD,2019,6,100000037,USD,RC-1057,RC,34,12905994
2019,6,USD,2019,6,100000037,USD,HB-1174,HB,41,12905994
2019,6,USD,2019,6,100000037,USD,EB-1135,EB,22,12905994
2019,6,USD,2019,6,100000037,USD,EB-1133,EB,15,12905994
2019,6,USD,2019,6,100000037,USD,BX-1011,BX,36,12905994
2019,6,USD,2019,6,100000037,USD,MB-1033,MB,23,12905994
2019,6,USD,2019,6,100000013,USD,MB-1034,MB,4,12905994
2019,6,USD,2019,6,100000001,USD,MB-1033,MB,23,12905994
2019,6,USD,2019,6,100000001,USD,RO-1002,RO,26,12905994
2019,6,USD,2019,6,100000001,USD,EB-1137,EB,35,12905994
2019,6,USD,2019,6,100000001,USD,MB-1032,MB,45,12905994
2019,6,USD,2019,6,100000001,USD,BX-1012,BX,36,12905994
2019,6,USD,2019,6,100000001,USD,CB-1162,CB,25,12905994
2019,6,USD,2019,6,100000004,USD,EB-1136,EB,46,12905994
2019,6,USD,2019,6,100000004,USD,BX-1016,BX,22,12905994
2019,6,USD,2019,6,100000004,USD,BX-1013,BX,54,12905994
2019,6,USD,2019,6,100000003,USD,BX-1013,BX,54,12905994
2019,6,USD,2019,6,100000003,USD,RO-1002,RO,26,12905994
2019,6,USD,2019,6,100000003,USD,DB-1082,DB,14,12905994
2019,6,USD,2019,6,100000003,USD,RC-1051,RC,8,12905994
2019,6,USD,2019,7,100000036,USD,HB-1174,HB,5,12905994
2019,6,USD,2019,7,100000036,USD,EB-1132,EB,40,12905994
2019,6,USD,2019,6,100000031,USD,RC-1053,RC,31,12905994
2019,6,USD,2019,6,100000031,USD,BX-1014,BX,22,12905994
2019,6,USD,2019,6,100000031,USD,CC-1022,CC,34,12905994
2019,6,USD,2019,6,100000031,USD,CC-1023,CC,65,12905994
2019,6,USD,2019,6,100000031,USD,HB-1173,HB,25,12905994
2019,6,USD,2019,6,100000031,USD,DB-1081,DB,27,12905994
2019,6,USD,2019,6,100000000,USD,BX-1012,BX,36,12905994
2019,6,USD,2019,6,100000000,USD,CB-1163,CB,45,12905994
2019,6,USD,2019,6,100000000,USD,EB-1137,EB,35,12905994
2019,6,USD,2019,6,100000000,USD,MB-1032,MB,45,12905994
2019,6,USD,2019,6,100000000,USD,RC-1057,RC,34,12905994
2019,6,USD,2019,6,100000000,USD,HB-1171,HB,41,12905994
2019,6,USD,2019,6,100000000,USD,RC-1056,RC,46,12905994
2019,6,USD,2019,6,100000009,USD,HB-1175,HB,42,12905994
2019,6,USD,2019,6,100000009,USD,RC-1051,RC,8,12905994
2019,6,USD,2019,6,100000034,USD,HB-1171,HB,41,12905994
2019,6,USD,2019,6,100000034,USD,BX-1011,BX,36,12905994
2019,6,USD,2019,6,100000034,USD,CB-1163,CB,45,12905994
2019,6,USD,2019,6,100000034,USD,CC-1022,CC,34,12905994
2019,6,USD,2019,6,100000034,USD,BX-1014,BX,22,12905994
2019,6,USD,2019,6,100000034,USD,RC-1052,RC,27,12905994
2019,6,USD,2019,6,100000034,USD,RC-1055,RC,32,12905994
2019,6,USD,2019,6,100000034,USD,RC-1054,RC,24,12905994
2019,6,USD,2019,7,100000022,USD,MB-1031,MB,15,12905994
2019,6,USD,2019,7,100000022,USD,BX-1013,BX,32,12905994
2019,6,USD,2019,7,100000022,USD,EB-1132,EB,40,12905994
2019,6,USD,2019,7,100000022,USD,BX-1011,BX,5,12905994
2019,6,USD,2019,7,100000022,USD,BX-1015,BX,24,12905994
